customer_id,customer_name,age,email,country,profit,feedback_rating,sales_amount,visit_date,visit_time,favorite_dish
1,Marline Meeking,38,mmeeking0@youtu.be,Portugal,8,4,1881.02,9/13/2020,13,pasta
2,Bethena MacMarcuis,33,bmacmarcuis1@histats.com,Dominican Republic,60,1,5403.95,8/26/2020,1,pizza
3,Glenda Sango,21,gsango2@auda.org.au,Poland,81,2,1527.83,11/4/2021,6,pizza
4,Elora Callard,73,ecallard3@salon.com,China,15,1,2822.29,8/27/2021,15,pizza
5,Flossi Harp,48,fharp4@hostgator.com,China,26,4,909.96,11/24/2020,11,burger
6,Carissa Saurat,71,csaurat5@webmd.com,China,48,5,5163.17,9/1/2020,19,pizza
7,Jasen Matelyunas,74,jmatelyunas6@ebay.com,China,70,2,4223.52,4/16/2020,8,pizza
8,Samson Van den Dael,62,svan7@whitehouse.gov,Poland,66,3,3331.73,1/12/2020,13,pizza
9,Dierdre Saxelby,46,dsaxelby8@uol.com.br,China,59,1,2550.27,12/26/2021,7,burger
10,Ahmad Sholem,45,asholem9@cmu.edu,Netherlands,46,1,5301.64,8/5/2020,10,burger
11,Gifford Dunlap,26,gdunlapa@marriott.com,Russia,60,4,8516.97,3/31/2021,12,pizza
12,Adrianne Tizard,55,atizardb@google.nl,Greece,2,3,3758.17,1/13/2020,17,pizza
13,Maje Checklin,38,mchecklinc@marketwatch.com,France,47,4,2154.27,11/29/2021,4,pasta
14,Julita Lintin,46,jlintind@squarespace.com,China,48,1,1412.3,6/17/2020,0,burger
15,Blithe Oldland,37,boldlande@reverbnation.com,Iran,87,2,8272.62,6/30/2020,21,pizza
16,Ofilia MacClancey,73,omacclanceyf@sohu.com,China,24,1,3504.89,1/4/2020,21,burger
17,Heidi Wason,22,hwasong@un.org,Serbia,56,4,3775.58,2/10/2021,13,pizza
18,Audrie Rangle,32,arangleh@4shared.com,China,87,4,8456.89,10/1/2021,19,burger
19,Scotti Padilla,26,spadillai@slate.com,Turkmenistan,30,2,649.54,12/10/2020,8,pizza
20,Ulises Hastings,52,uhastingsj@icio.us,Indonesia,83,2,7292.96,5/23/2021,22,burger
21,Davidde McGiveen,32,dmcgiveenk@elpais.com,Indonesia,100,4,4259.62,7/2/2021,11,pizza
22,Wilona Matej,53,wmatejl@webeden.co.uk,China,83,5,2305.57,12/5/2020,14,pasta
23,Theda Robiou,67,trobioum@google.co.jp,Iran,20,2,5502.95,5/10/2021,15,pizza
24,Beverley Scritch,83,bscritchn@slate.com,Tajikistan,54,1,5051.37,3/19/2020,21,burger
25,Garey Gairdner,72,ggairdnero@oracle.com,Indonesia,13,5,1555.84,11/5/2021,7,pasta
26,Clywd Sleicht,19,csleichtp@slideshare.net,China,32,1,5204.37,3/5/2020,0,pizza
27,Alvie Jaher,69,ajaherq@youtu.be,Croatia,67,4,5985.88,6/22/2020,11,pasta
28,Nedda Jecks,35,njecksr@angelfire.com,China,42,3,2571.58,3/28/2021,24,pizza
29,Aigneis Craigie,55,acraigies@vkontakte.ru,France,96,1,1221.08,4/2/2020,8,pizza
30,Leta Appleby,75,lapplebyt@tinyurl.com,Philippines,92,1,1648.7,9/17/2021,24,burger
31,Cecil Timcke,49,ctimckeu@cargocollective.com,Russia,81,2,8418.51,9/25/2021,10,burger
32,Zachary Dines,68,zdinesv@va.gov,Russia,12,4,430.18,7/6/2020,22,pizza
33,Paulita Spire,78,pspirew@ezinearticles.com,China,44,3,164.59,6/13/2021,11,burger
34,Ann-marie Wellstead,67,awellsteadx@unblog.fr,Mexico,59,2,9175.53,10/19/2021,10,pizza
35,Edgar Skoate,65,eskoatey@de.vu,China,64,5,7770.36,2/11/2020,3,pizza
36,Keven Kembery,63,kkemberyz@google.nl,Russia,81,1,6949.9,8/30/2021,6,burger
37,Cammi Rosle,38,crosle10@oaic.gov.au,Ukraine,45,5,2911.58,2/28/2020,17,burger
38,Bobbe Beeston,84,bbeeston11@skype.com,Russia,10,3,5508.73,4/21/2021,1,pizza
39,Stanford Fozard,77,sfozard12@dailymotion.com,Brazil,8,2,1297.71,10/19/2021,18,pasta
40,Stefano Perroni,64,sperroni13@behance.net,Portugal,95,4,7785.64,9/15/2020,19,pizza
41,Ezechiel Boustred,23,eboustred14@accuweather.com,Seychelles,51,4,398.57,5/3/2021,14,pasta
42,Theobald Cano,64,tcano15@mayoclinic.com,Uganda,71,5,2737.93,4/30/2021,10,pizza
43,Orsa Hutchins,65,ohutchins16@mozilla.org,Madagascar,1,3,7454.43,3/5/2021,14,pasta
44,Marv Winters,26,mwinters17@loc.gov,Latvia,55,1,1477.79,7/12/2020,22,pasta
45,Gay Spurriar,73,gspurriar18@guardian.co.uk,Russia,2,4,4972.61,6/16/2021,18,pizza
46,Creighton Yarwood,27,cyarwood19@theatlantic.com,Japan,42,5,6481.9,1/18/2020,3,pizza
47,Giulietta Chable,38,gchable1a@java.com,Indonesia,3,2,7201.84,1/13/2020,22,pizza
48,Reagen Wanklyn,24,rwanklyn1b@freewebs.com,Guatemala,16,4,8530.88,1/30/2020,11,pizza
49,Brandon Terbeek,44,bterbeek1c@webs.com,Vietnam,5,3,4016.74,5/20/2020,0,burger
50,Ema Deamer,46,edeamer1d@irs.gov,Indonesia,21,5,2930.38,1/2/2021,8,pasta
51,Zelda Leyland,35,zleyland1e@ifeng.com,Madagascar,29,1,3240.52,4/19/2021,20,burger
52,Raven Stiffell,83,rstiffell1f@latimes.com,Russia,28,4,7729.83,10/1/2020,6,pasta
53,Graehme Vanner,46,gvanner1g@cmu.edu,Yemen,43,2,2850.76,1/22/2020,1,burger
54,Rolfe Purveys,36,rpurveys1h@webnode.com,China,45,3,5986.87,1/13/2021,21,pizza
55,Josias Eberle,18,jeberle1i@youku.com,China,71,2,49.18,10/4/2020,4,pizza
56,Maddie Towndrow,45,mtowndrow1j@indiegogo.com,Myanmar,47,2,8541.31,8/20/2021,3,burger
57,Katha Grote,51,kgrote1k@free.fr,Egypt,40,4,2088.26,4/16/2021,3,pizza
58,Charisse Fountaine,49,cfountaine1l@omniture.com,China,91,2,6302.39,6/3/2021,19,pasta
59,Oneida Izzat,34,oizzat1m@wikispaces.com,Indonesia,91,4,7921.51,7/21/2021,12,burger
60,Donaugh Huthart,45,dhuthart1n@wikia.com,New Zealand,88,3,4562.5,7/24/2021,7,burger
61,Viviyan Gockelen,76,vgockelen1o@seesaa.net,Indonesia,27,1,7233.19,4/22/2020,4,pasta
62,Cordy Strafen,23,cstrafen1p@amazon.de,Czech Republic,27,2,3932.7,11/15/2020,17,pasta
63,Arlen Czajka,72,aczajka1q@flavors.me,Poland,20,1,584.59,1/12/2021,19,burger
64,Nanine Topp,84,ntopp1r@constantcontact.com,United States,4,2,2210.25,6/2/2021,24,pasta
65,Lucius McEvon,73,lmcevon1s@google.ru,Poland,19,2,3771.22,9/17/2021,14,pasta
66,Betti Grovier,85,bgrovier1t@google.com.au,Mexico,9,3,3198.6,1/19/2020,4,pasta
67,Hector Dormand,27,hdormand1u@usnews.com,Ireland,47,4,9560.6,10/27/2021,0,pasta
68,Marne Hindrich,30,mhindrich1v@columbia.edu,Slovenia,91,1,1732.46,1/29/2021,3,pasta
69,Benny Santon,69,bsanton1w@uol.com.br,Malaysia,20,5,1043.12,7/16/2021,16,pasta
70,Gare Farnie,49,gfarnie1x@instagram.com,Philippines,19,3,1497.31,10/4/2021,14,pizza
71,Eimile Pippard,62,epippard1y@prweb.com,Honduras,11,2,1098.25,9/15/2020,2,pasta
72,Othelia Merryman,25,omerryman1z@prnewswire.com,Czech Republic,98,1,1020.96,4/1/2021,22,burger
73,Kirk Heskin,77,kheskin20@blogger.com,China,4,1,8921.13,2/10/2020,12,pizza
74,Saunders Lancastle,25,slancastle21@clickbank.net,Mongolia,82,2,7325.57,1/4/2020,6,pasta
75,Brandise Cryer,66,bcryer22@ted.com,Mexico,28,3,5111.91,4/20/2020,2,burger
76,Mona Cowill,61,mcowill23@smugmug.com,Vietnam,87,5,4182.92,4/23/2020,22,burger
77,Deeanne Lenin,29,dlenin24@scribd.com,Poland,17,1,7964.29,6/15/2020,16,pasta
78,Jacinda Moloney,78,jmoloney25@harvard.edu,Indonesia,74,4,2409.55,8/20/2021,17,pizza
79,Colline Naptin,20,cnaptin26@ask.com,China,46,1,8066.27,2/23/2020,2,pizza
80,Maire Baildon,65,mbaildon27@usnews.com,Greece,58,1,3737.94,4/14/2020,19,pizza
81,Fiona Bremley,82,fbremley28@irs.gov,Armenia,14,2,2953.33,11/6/2021,16,pizza
82,Aubree Selliman,40,aselliman29@google.com.hk,Uganda,5,1,9911.01,7/8/2020,0,pasta
83,Lizzie Yarnton,72,lyarnton2a@indiegogo.com,Argentina,37,3,294.61,10/18/2021,12,pasta
84,Brigid Canepe,41,bcanepe2b@china.com.cn,Nigeria,99,5,1776.18,7/13/2020,23,pizza
85,Riccardo Luigi,81,rluigi2c@printfriendly.com,Poland,8,1,3491.1,6/4/2020,13,pasta
86,Valerie Dael,23,vdael2d@cnet.com,Palestinian Territory,88,1,5877.23,7/12/2021,19,pasta
87,Deb Synder,54,dsynder2e@php.net,Indonesia,60,4,7974.78,10/12/2021,2,pasta
88,Octavius Arrighi,56,oarrighi2f@linkedin.com,China,38,3,4571.91,2/4/2020,22,pasta
89,Brita Paddon,40,bpaddon2g@buzzfeed.com,Poland,41,4,630.12,2/10/2020,7,burger
90,Godart Tideswell,45,gtideswell2h@mapquest.com,Indonesia,92,4,9811.57,3/31/2021,14,burger
91,Ashbey Spaight,26,aspaight2i@ameblo.jp,Russia,53,4,8499.86,1/26/2020,8,pasta
92,Rosemary Eyeington,39,reyeington2j@jigsy.com,Indonesia,94,4,3427.68,6/27/2020,19,pizza
93,Clement Edgerly,44,cedgerly2k@netscape.com,Mauritius,35,1,6970.03,7/11/2021,17,pizza
94,Wheeler Kobpal,81,wkobpal2l@github.io,Poland,64,5,6335.38,6/26/2020,2,burger
95,Luelle Lowre,23,llowre2m@tripod.com,Brazil,7,2,4076.33,9/4/2020,1,burger
96,Venus Sharer,53,vsharer2n@constantcontact.com,Russia,18,5,6158.52,8/11/2020,8,pasta
97,Natala Desorts,30,ndesorts2o@smh.com.au,Bulgaria,12,2,2757.59,11/2/2020,0,pasta
98,Chelsae Columbell,81,ccolumbell2p@webnode.com,China,39,3,8874.62,8/4/2020,19,pasta
99,Sonny Saffin,55,ssaffin2q@ustream.tv,Palestinian Territory,35,1,891.61,2/23/2020,11,pizza
100,Bud Hartegan,18,bhartegan2r@umich.edu,Indonesia,84,2,7842.62,9/29/2020,12,pizza
101,Loy Heustice,54,lheustice2s@si.edu,China,100,5,5564.15,9/16/2020,7,pizza
102,Standford Dudden,18,sdudden2t@npr.org,Indonesia,76,2,3730.2,7/26/2021,2,pasta
103,Gwynne Penvarne,31,gpenvarne2u@sina.com.cn,United States,47,1,3737.0,4/7/2021,3,burger
104,Aaren Backen,29,abacken2v@canalblog.com,Guatemala,19,5,5248.5,1/9/2021,1,burger
105,Nonie Mathivet,64,nmathivet2w@elpais.com,Peru,54,1,3789.68,10/18/2020,17,pizza
106,Kiersten Memmory,40,kmemmory2x@networksolutions.com,China,27,3,2400.4,1/5/2020,7,burger
107,Pia Carvill,31,pcarvill2y@typepad.com,China,16,1,8289.22,3/27/2020,4,pasta
108,Leontyne Blackly,37,lblackly2z@discovery.com,Colombia,56,5,7896.06,9/20/2020,15,pizza
109,Jewelle Whistlecraft,57,jwhistlecraft30@foxnews.com,Portugal,25,1,1496.76,10/30/2021,17,pasta
110,Tisha Tampen,62,ttampen31@clickbank.net,Indonesia,36,5,7387.47,2/11/2020,22,pizza
111,Geordie Taggert,36,gtaggert32@nymag.com,China,89,5,248.3,6/18/2020,7,pizza
112,Gery Mawman,76,gmawman33@sciencedaily.com,Indonesia,47,1,3666.34,3/14/2020,18,pizza
113,Vanna Petricek,66,vpetricek34@columbia.edu,Ukraine,80,3,5494.14,5/4/2020,9,burger
114,Sayres Rowlett,31,srowlett35@ucoz.ru,Iran,56,4,9469.06,11/17/2021,14,pizza
115,Laurianne Krink,62,lkrink36@cnbc.com,Colombia,21,2,6910.28,5/6/2021,0,pasta
116,Tamiko Whitemarsh,46,twhitemarsh37@pcworld.com,United States,5,3,8240.11,10/27/2021,6,pizza
117,Fairleigh Brounsell,21,fbrounsell38@istockphoto.com,Iran,59,3,5055.08,8/23/2021,7,pizza
118,Torry Slorach,48,tslorach39@howstuffworks.com,Bolivia,3,2,8225.31,11/2/2021,21,pizza
119,Mack Vondrys,18,mvondrys3a@theguardian.com,China,45,4,1736.8,1/22/2020,5,pasta
120,Theodor Blackey,58,tblackey3b@hud.gov,Indonesia,64,5,3695.13,5/8/2021,3,burger
121,Gar De Leek,22,gde3c@sbwire.com,Philippines,14,1,2736.46,11/8/2021,21,pasta
122,Mikael Filipowicz,37,mfilipowicz3d@accuweather.com,Portugal,95,4,9419.91,9/20/2021,2,pasta
123,Leon Towne,58,ltowne3e@diigo.com,Poland,18,5,7751.69,12/27/2020,9,burger
124,Mariann Schankelborg,35,mschankelborg3f@google.de,Kazakhstan,26,3,7583.15,10/24/2021,14,pizza
125,Nikki Djuricic,47,ndjuricic3g@nationalgeographic.com,France,77,5,8146.4,3/12/2021,24,pasta
126,Maud Messager,70,mmessager3h@booking.com,China,37,4,6724.18,1/15/2021,12,burger
127,Johann Frisdick,40,jfrisdick3i@woothemes.com,Colombia,3,5,343.59,9/17/2020,22,pizza
128,Charo Mephan,46,cmephan3j@cocolog-nifty.com,Indonesia,99,5,8218.81,2/9/2020,23,pizza
129,Davis Fensome,70,dfensome3k@vk.com,Morocco,22,3,2900.56,7/17/2020,7,pizza
130,Janeta Bauchop,33,jbauchop3l@un.org,Iran,28,4,8408.63,11/23/2020,6,pizza
131,Swen Gary,40,sgary3m@hibu.com,Poland,46,3,3353.8,4/24/2020,17,pizza
132,Laurent Healks,67,lhealks3n@bloglovin.com,Japan,11,5,7973.72,12/21/2020,17,pasta
133,Enrique Dulanty,53,edulanty3o@aol.com,China,16,1,4563.0,2/24/2020,1,pizza
134,Merlina Lunney,80,mlunney3p@trellian.com,Somalia,85,4,5357.24,12/11/2021,5,burger
135,Emmalee Laffan,56,elaffan3q@163.com,Brazil,35,5,7436.69,12/15/2020,15,burger
136,Kiah Dorr,29,kdorr3r@a8.net,Mexico,1,5,2443.78,10/14/2021,21,pizza
137,Damian Dumphries,30,ddumphries3s@hc360.com,China,74,1,540.38,3/15/2020,6,pasta
138,Gearalt Dillet,66,gdillet3t@blogspot.com,Indonesia,77,1,6437.54,4/7/2021,21,burger
139,Roma Westpfel,53,rwestpfel3u@shinystat.com,Indonesia,55,3,3622.03,8/26/2020,2,pizza
140,Gates Beagles,53,gbeagles3v@github.com,China,90,3,3845.59,7/8/2020,6,pasta
141,Romeo Eathorne,51,reathorne3w@pen.io,Portugal,47,2,5051.09,3/23/2020,17,pizza
142,Cecil Readings,79,creadings3x@last.fm,Russia,83,3,9306.74,5/1/2020,1,pasta
143,Tiphany Escot,71,tescot3y@ted.com,Guatemala,47,2,6597.89,8/5/2020,0,pizza
144,Pietrek Cowherd,49,pcowherd3z@ucla.edu,France,81,4,7987.62,1/30/2020,14,burger
145,Frans Dallman,82,fdallman40@etsy.com,China,79,3,5990.57,5/4/2020,10,pizza
146,Rufe Foucher,25,rfoucher41@wikimedia.org,Brazil,8,3,5273.63,8/12/2020,8,pasta
147,Pearle Pitkins,70,ppitkins42@moonfruit.com,United States,70,1,989.23,12/11/2020,24,pasta
148,Kath Filon,29,kfilon43@theglobeandmail.com,Philippines,84,5,416.16,3/5/2020,24,burger
149,Gwenneth Lube,40,glube44@google.it,Indonesia,81,1,2816.77,1/4/2020,3,pizza
150,Anne-marie McCauley,52,amccauley45@un.org,Indonesia,19,1,1477.85,3/3/2021,0,pizza
151,Sonia Paulig,74,spaulig46@bluehost.com,Portugal,85,5,7257.28,5/14/2021,16,burger
152,Giorgia Wavell,37,gwavell47@wikimedia.org,South Africa,93,4,2574.33,8/20/2021,9,burger
153,Geraldine Giovannetti,18,ggiovannetti48@bing.com,Indonesia,79,1,7790.44,3/8/2021,9,burger
154,Althea Cornthwaite,20,acornthwaite49@odnoklassniki.ru,Peru,49,3,6054.49,3/21/2021,6,burger
155,Artemas Oxlade,20,aoxlade4a@wikispaces.com,Philippines,67,2,8908.92,11/24/2020,1,burger
156,Conchita Matzel,32,cmatzel4b@mapy.cz,Indonesia,14,4,610.35,9/12/2021,10,pizza
157,Walker Makinson,41,wmakinson4c@github.io,South Africa,60,1,1294.83,7/10/2021,12,pizza
158,Cassey Colrein,48,ccolrein4d@howstuffworks.com,Albania,14,1,8705.7,7/18/2021,16,burger
159,Mickie Pattemore,31,mpattemore4e@soup.io,Portugal,88,1,2153.23,2/8/2021,7,pasta
160,Nancey Nerval,67,nnerval4f@sakura.ne.jp,France,100,4,3782.05,9/5/2021,10,burger
161,Leonardo Lavery,84,llavery4g@bbb.org,Thailand,7,1,4320.64,2/19/2020,20,pasta
162,Tillie Havercroft,46,thavercroft4h@twitpic.com,Kazakhstan,37,4,3457.5,6/5/2021,1,pasta
163,Norrie Roper,21,nroper4i@virginia.edu,Georgia,32,3,3432.02,4/19/2021,1,burger
164,Christen Koopman,51,ckoopman4j@uol.com.br,Vietnam,95,5,8115.3,12/16/2020,24,burger
165,Alene Perschke,57,aperschke4k@msu.edu,Yemen,31,3,6933.69,12/7/2020,1,pizza
166,Raf Penright,80,rpenright4l@businessweek.com,China,43,3,7179.91,7/13/2021,1,burger
167,Creight Harlock,77,charlock4m@time.com,Thailand,81,3,2503.56,9/11/2021,6,pizza
168,Orelle Orpwood,85,oorpwood4n@thetimes.co.uk,Guatemala,95,1,3365.71,10/6/2020,17,pasta
169,Wenona Huddlestone,48,whuddlestone4o@abc.net.au,Canada,33,2,4530.64,10/22/2021,4,pizza
170,Loydie Koschke,66,lkoschke4p@altervista.org,Vietnam,70,4,2573.26,1/22/2021,15,burger
171,Saree Engledow,69,sengledow4q@istockphoto.com,Czech Republic,76,4,106.28,7/25/2021,8,pasta
172,Jeanelle Dimitriades,31,jdimitriades4r@cmu.edu,China,20,3,6478.29,1/23/2021,21,pizza
173,Florida Colling,47,fcolling4s@yale.edu,Venezuela,78,2,1298.07,2/8/2020,7,pasta
174,Worth Brisard,82,wbrisard4t@howstuffworks.com,Palestinian Territory,39,3,7742.51,7/13/2020,15,pizza
175,Karolina Reburn,32,kreburn4u@columbia.edu,Lithuania,31,5,9914.74,7/1/2020,21,pasta
176,Nahum Alennikov,28,nalennikov4v@edublogs.org,Colombia,95,1,5754.46,5/22/2020,18,pizza
177,Leigh Cuckson,68,lcuckson4w@wikispaces.com,France,39,5,6700.83,11/6/2021,7,pizza
178,Jamey Shreve,70,jshreve4x@pagesperso-orange.fr,China,97,5,9536.99,12/1/2021,12,pizza
179,Rutherford Harvard,75,rharvard4y@cbslocal.com,United Kingdom,39,5,5740.59,3/10/2020,19,pizza
180,Dylan Lathe,41,dlathe4z@dailymotion.com,Portugal,84,4,4887.75,2/10/2021,14,pasta
181,Eli Grunwall,72,egrunwall50@mit.edu,China,42,5,7993.49,11/5/2021,2,pizza
182,Kingsly Millier,32,kmillier51@whitehouse.gov,Poland,40,3,1475.35,9/15/2020,6,burger
183,Kassi Hoston,65,khoston52@ed.gov,Indonesia,13,3,2041.13,1/12/2021,8,burger
184,Darcee Serrurier,55,dserrurier53@epa.gov,Colombia,89,4,7783.23,2/21/2021,12,pizza
185,Basile Dunlap,36,bdunlap54@drupal.org,Botswana,99,3,6719.23,4/10/2021,11,burger
186,Sabine Scopyn,44,sscopyn55@accuweather.com,Myanmar,51,3,550.66,6/17/2020,12,burger
187,Vally Rickhuss,68,vrickhuss56@linkedin.com,Bosnia and Herzegovina,41,3,4708.52,9/8/2020,7,burger
188,Johnath Patterson,60,jpatterson57@dropbox.com,China,41,2,8463.35,7/11/2021,21,pasta
189,Yardley Loughlan,35,yloughlan58@psu.edu,Thailand,76,5,6493.85,1/17/2020,2,pizza
190,Marlin Castaignet,40,mcastaignet59@ftc.gov,Mexico,20,4,5580.18,9/22/2021,6,pasta
191,Michael Orneblow,71,morneblow5a@networksolutions.com,Canada,50,4,1984.89,8/27/2020,24,pizza
192,Charley Tiuit,85,ctiuit5b@pinterest.com,France,59,4,6214.68,1/2/2021,14,pasta
193,Ryun Redmayne,83,rredmayne5c@barnesandnoble.com,Philippines,17,4,6293.94,10/22/2021,7,pizza
194,Camala Learned,21,clearned5d@wunderground.com,Portugal,19,1,7948.97,6/14/2020,2,burger
195,Abraham Grover,69,agrover5e@adobe.com,Indonesia,16,5,3408.21,9/23/2020,20,pasta
196,Brocky Elce,54,belce5f@zdnet.com,Portugal,49,3,7392.29,3/5/2020,23,burger
197,Hillel Cutridge,57,hcutridge5g@ameblo.jp,Yemen,18,1,3478.52,2/20/2020,14,pasta
198,Petrina Scatcher,82,pscatcher5h@ft.com,Philippines,50,5,3066.8,3/31/2020,18,pasta
199,Aurea Foard,52,afoard5i@addtoany.com,China,94,3,5130.07,9/1/2020,9,pasta
200,Vincent Huddy,66,vhuddy5j@dion.ne.jp,Croatia,58,4,3819.46,9/30/2021,7,pasta
201,Skipton Beardsley,34,sbeardsley5k@home.pl,Indonesia,8,5,4121.29,12/15/2021,18,pasta
202,Carin Dorgon,78,cdorgon5l@youtube.com,Guinea-Bissau,85,4,9879.61,11/28/2021,20,burger
203,Elita Thing,25,ething5m@shutterfly.com,China,69,1,8973.94,9/20/2020,10,pasta
204,Jaquelyn O'Corrane,56,jocorrane5n@dmoz.org,Malaysia,39,1,3609.92,4/7/2021,16,burger
205,Jasun Trebilcock,52,jtrebilcock5o@slashdot.org,Indonesia,92,3,9584.15,2/3/2021,9,pizza
206,Yancy Cawkwell,54,ycawkwell5p@reuters.com,Brazil,96,2,59.83,12/1/2021,1,pasta
207,Huntlee Wycliffe,57,hwycliffe5q@printfriendly.com,China,63,2,1285.58,12/8/2020,7,pasta
208,Salem Llywarch,36,sllywarch5r@purevolume.com,China,60,5,7616.46,11/22/2021,23,pasta
209,Grant MacLaverty,65,gmaclaverty5s@adobe.com,China,84,3,7699.06,6/16/2021,6,burger
210,Burtie Anshell,20,banshell5t@tripadvisor.com,France,7,2,4346.38,10/24/2020,11,pasta
211,Nicholle Wickins,50,nwickins5u@odnoklassniki.ru,Indonesia,75,1,5410.52,6/13/2021,13,burger
212,Tammy McKeefry,42,tmckeefry5v@xrea.com,China,32,3,5763.57,10/24/2021,18,burger
213,Avis Partrick,30,apartrick5w@gnu.org,Nigeria,39,2,3066.11,10/6/2021,19,burger
214,Cati Cohan,65,ccohan5x@sina.com.cn,Luxembourg,6,4,4338.64,4/26/2021,16,pizza
215,Andy Oseland,28,aoseland5y@earthlink.net,Uruguay,56,2,770.62,8/26/2021,19,pizza
216,Rebecca Quadri,74,rquadri5z@imageshack.us,Indonesia,17,4,9894.05,11/28/2020,10,burger
217,Kacy Trapp,43,ktrapp60@wisc.edu,China,74,4,8013.27,7/2/2021,21,pizza
218,Alis Anscombe,20,aanscombe61@upenn.edu,Honduras,89,1,8099.0,4/2/2020,18,burger
219,Dane Shambrooke,78,dshambrooke62@goodreads.com,Ukraine,40,3,1878.65,12/19/2020,15,pizza
220,Kayle Treves,47,ktreves63@youku.com,Indonesia,69,4,3809.17,1/8/2020,18,pasta
221,Blondy O'Spillane,84,bospillane64@bbc.co.uk,Indonesia,92,4,6676.4,11/25/2020,2,burger
222,Inness Cashman,33,icashman65@photobucket.com,China,27,3,4426.51,3/10/2021,4,burger
223,Laurena Tate,44,ltate66@springer.com,Colombia,3,4,7086.66,3/4/2020,24,pasta
224,Kendre Lardnar,52,klardnar67@fc2.com,Ghana,33,5,4463.34,12/13/2020,24,burger
225,Daphna Bickmore,84,dbickmore68@delicious.com,China,35,5,5997.26,12/13/2020,0,pasta
226,Janessa Bernon,45,jbernon69@naver.com,Czech Republic,99,3,1803.49,10/6/2020,4,pizza
227,Antonia Allebone,65,aallebone6a@icq.com,Kenya,15,5,962.24,10/24/2020,20,burger
228,Tonnie Wainwright,77,twainwright6b@home.pl,Sweden,76,4,8039.02,2/18/2021,17,pasta
229,Yancy Begg,26,ybegg6c@cdc.gov,China,81,4,1518.99,2/27/2021,12,pizza
230,Lilia Kiebes,53,lkiebes6d@cyberchimps.com,Philippines,25,2,5400.54,8/1/2020,4,pizza
231,Nanette Chester,35,nchester6e@google.co.uk,Syria,12,1,6737.44,12/2/2020,1,pizza
232,Eric MacGowan,37,emacgowan6f@cdc.gov,United States,31,1,7575.57,1/12/2021,12,pasta
233,Allx Santarelli,32,asantarelli6g@amazon.co.jp,China,69,5,6502.67,2/23/2021,6,pasta
234,Elka Duerden,85,eduerden6h@odnoklassniki.ru,Myanmar,41,1,5907.22,8/20/2020,19,pasta
235,Worth Pardoe,26,wpardoe6i@google.es,Sweden,59,1,9803.67,11/11/2021,5,pizza
236,Bruis Penni,70,bpenni6j@engadget.com,Sierra Leone,58,3,9032.97,8/21/2021,12,pizza
237,Dorothea Leonarde,77,dleonarde6k@rediff.com,China,94,2,2519.2,5/17/2020,0,burger
238,Meggie Freckelton,65,mfreckelton6l@chron.com,Japan,94,4,8435.26,8/26/2021,18,pasta
239,Archibaldo Klementz,27,aklementz6m@github.com,Russia,7,4,6303.3,4/2/2020,9,pizza
240,Karel Hubbard,18,khubbard6n@hibu.com,Palestinian Territory,92,5,8387.81,10/28/2020,7,pizza
241,Dawna Tomaszynski,67,dtomaszynski6o@timesonline.co.uk,Palestinian Territory,1,2,5946.49,1/3/2021,5,burger
242,Lacie Cubbino,27,lcubbino6p@chicagotribune.com,China,90,4,4267.59,6/12/2021,1,pizza
243,Benedicto Toffano,71,btoffano6q@geocities.jp,China,35,2,3089.65,8/6/2021,23,pasta
244,Ofelia Crebo,64,ocrebo6r@usda.gov,Indonesia,50,1,6372.99,3/13/2021,4,pizza
245,Addie Matussevich,58,amatussevich6s@barnesandnoble.com,Russia,15,1,9529.56,8/17/2020,23,pizza
246,Obed Clewer,45,oclewer6t@oakley.com,Russia,73,5,1438.53,9/26/2020,3,pizza
247,Ewen Bausmann,57,ebausmann6u@wisc.edu,Sweden,18,4,7027.93,12/17/2021,14,burger
248,Trefor Hizir,56,thizir6v@yolasite.com,Russia,88,2,3172.52,11/28/2021,4,pasta
249,Chev McGillicuddy,68,cmcgillicuddy6w@nyu.edu,China,33,3,9448.5,8/13/2020,21,pizza
250,Erny Huddart,78,ehuddart6x@hibu.com,Indonesia,55,3,5983.48,6/18/2020,20,pasta
251,Taber Dilgarno,41,tdilgarno6y@i2i.jp,Czech Republic,70,5,6533.6,6/13/2021,4,pasta
252,Bessie Scarsbrick,64,bscarsbrick6z@topsy.com,China,64,4,7181.73,4/18/2020,20,pasta
253,Lev Osmant,41,losmant70@shop-pro.jp,Costa Rica,9,3,3549.44,12/28/2020,2,pasta
254,Elsa Jump,38,ejump71@ebay.co.uk,United States,54,1,1033.32,2/8/2021,16,pizza
255,Reinold Clemerson,49,rclemerson72@quantcast.com,Indonesia,4,5,3776.08,3/11/2020,17,burger
256,Faunie Bayston,80,fbayston73@gizmodo.com,China,42,5,3774.34,11/4/2020,19,pizza
257,Betsy Steeden,49,bsteeden74@nps.gov,Indonesia,47,3,7722.24,1/2/2020,13,pasta
258,Gwenette Spanswick,18,gspanswick75@java.com,Saint Vincent and the Grenadines,24,4,726.54,10/3/2021,2,pasta
259,Eleen Mold,44,emold76@phoca.cz,Philippines,2,5,9778.37,3/7/2021,23,pizza
260,Emmalyn Tessier,22,etessier77@pcworld.com,China,91,3,9343.16,10/7/2020,16,pasta
261,Lamar Ickovits,76,lickovits78@japanpost.jp,Ukraine,59,2,3465.98,11/25/2020,4,pasta
262,Emlen Gallafant,30,egallafant79@furl.net,Japan,64,1,5666.75,2/19/2021,11,pasta
263,Adolf Spinella,61,aspinella7a@spiegel.de,Peru,57,5,5095.63,11/6/2021,18,burger
264,Reider Edmonstone,19,redmonstone7b@google.co.uk,Peru,4,2,5868.6,5/16/2020,22,burger
265,Callean Shoebotham,29,cshoebotham7c@ed.gov,Japan,62,1,2086.68,9/26/2021,24,pizza
266,Shellie Whipp,33,swhipp7d@latimes.com,Czech Republic,58,3,4751.73,10/19/2020,0,pizza
267,Herbert Grime,61,hgrime7e@purevolume.com,China,23,2,2952.65,2/23/2021,11,pasta
268,Janette Hare,47,jhare7f@github.com,Austria,17,4,1891.93,9/11/2021,20,burger
269,Jennette Dyerson,76,jdyerson7g@freewebs.com,Indonesia,85,4,409.25,3/20/2021,6,pasta
270,Wiatt Elvey,37,welvey7h@wisc.edu,Haiti,82,1,4822.31,7/26/2020,18,burger
271,Peg Meere,57,pmeere7i@163.com,Yemen,40,2,4804.76,12/8/2020,4,pasta
272,Katrinka D'Errico,53,kderrico7j@whitehouse.gov,Spain,72,2,5882.26,4/4/2021,17,pasta
273,Rriocard Fairlaw,78,rfairlaw7k@java.com,Indonesia,53,2,6425.73,1/17/2021,19,burger
274,Ephrayim Skedge,73,eskedge7l@livejournal.com,Guyana,59,2,4747.73,4/2/2021,18,burger
275,Elsie MacSorley,69,emacsorley7m@guardian.co.uk,China,78,4,3247.51,2/9/2020,14,pizza
276,Nichol Feedome,47,nfeedome7n@unesco.org,China,54,2,6346.26,7/12/2020,8,burger
277,Bary Zaczek,84,bzaczek7o@joomla.org,Finland,3,5,9807.63,5/24/2020,12,pasta
278,Ricky Feetham,69,rfeetham7p@auda.org.au,Russia,99,1,4030.64,10/19/2020,15,burger
279,Chet Manis,19,cmanis7q@symantec.com,Philippines,16,5,8143.51,6/3/2021,9,pasta
280,Erma Rounsivall,29,erounsivall7r@webs.com,United States,43,2,4861.34,8/19/2020,20,burger
281,Wallis Danilovic,48,wdanilovic7s@cnn.com,Morocco,31,4,7040.92,1/3/2020,2,pizza
282,Kimmi Perrelli,26,kperrelli7t@weibo.com,Chile,1,3,5438.25,3/16/2021,24,pizza
283,Fanchette Assante,43,fassante7u@economist.com,Czech Republic,70,3,3504.28,10/10/2021,3,pasta
284,Arri Cund,45,acund7v@seattletimes.com,Vietnam,36,3,5388.12,5/23/2020,13,burger
285,Clea Tidswell,55,ctidswell7w@google.com.hk,Canada,31,4,7738.93,6/11/2020,7,pizza
286,Denys Sellick,64,dsellick7x@cnbc.com,China,41,3,4249.3,12/11/2020,15,pasta
287,Rickie McIllroy,70,rmcillroy7y@w3.org,Zimbabwe,94,5,7334.63,1/8/2021,12,pasta
288,Vera Simmell,35,vsimmell7z@ning.com,Portugal,30,5,9598.21,3/4/2020,9,pasta
289,Rosalynd Krolak,65,rkrolak80@artisteer.com,Austria,74,5,1494.13,2/19/2021,13,pizza
290,Sanders Geerits,68,sgeerits81@bizjournals.com,China,61,2,2922.22,5/18/2020,17,pizza
291,Henrietta Kermott,47,hkermott82@china.com.cn,Poland,46,5,9669.99,7/22/2020,0,pizza
292,Gerome Aspling,39,gaspling83@intel.com,Philippines,36,1,6564.97,6/11/2021,24,pizza
293,Benedict Risson,68,brisson84@earthlink.net,Indonesia,68,1,9513.67,2/17/2020,3,pasta
294,Corbet Tuttle,53,ctuttle85@behance.net,Uzbekistan,86,1,5359.48,12/12/2020,10,pizza
295,Jacqueline Lillyman,72,jlillyman86@cocolog-nifty.com,Czech Republic,95,1,9098.48,2/3/2020,0,burger
296,Amara Bartolomeoni,48,abartolomeoni87@sakura.ne.jp,Argentina,91,5,2022.98,9/13/2021,19,burger
297,Hildagarde Martine,45,hmartine88@wix.com,Cyprus,37,1,787.01,8/12/2020,6,pizza
298,Neddie Ciric,21,nciric89@oakley.com,Portugal,94,5,3478.17,4/15/2020,2,burger
299,Micky Dumblton,28,mdumblton8a@instagram.com,Philippines,52,4,1670.33,6/20/2021,20,pasta
300,Celesta Casella,85,ccasella8b@moonfruit.com,Mexico,3,4,9020.26,10/14/2021,17,pasta
301,Georgianna Husband,71,ghusband8c@pen.io,Thailand,81,5,3538.87,2/14/2020,1,pizza
302,Margarethe McVee,61,mmcvee8d@naver.com,Brazil,37,5,1568.26,10/4/2021,6,burger
303,Esteban McRonald,81,emcronald8e@ft.com,Argentina,78,4,8041.1,7/5/2020,1,burger
304,Marilyn Woolbrook,61,mwoolbrook8f@wikipedia.org,China,37,2,9154.13,1/30/2020,24,pasta
305,Lawrence Bibbie,76,lbibbie8g@sogou.com,Nigeria,16,2,3345.12,4/27/2020,4,pizza
306,Rafaello Hehl,67,rhehl8h@tripod.com,Mongolia,78,5,8460.72,3/27/2021,4,pasta
307,Sanders Casserly,57,scasserly8i@mac.com,Russia,3,1,8661.58,2/12/2021,11,burger
308,Hedy Nutley,35,hnutley8j@goodreads.com,Iran,45,5,5373.79,9/28/2021,9,pasta
309,Philippine Salzen,31,psalzen8k@chronoengine.com,Portugal,43,2,2759.42,2/21/2021,16,pizza
310,Cyril Snipe,36,csnipe8l@home.pl,Mozambique,6,2,8186.95,10/3/2021,12,pasta
311,Mommy Easterbrook,57,measterbrook8m@hao123.com,Ukraine,5,4,3233.13,12/16/2021,19,pizza
312,Granthem Beynkn,52,gbeynkn8n@list-manage.com,China,37,3,4725.94,2/10/2020,14,pizza
313,Bellanca Biddell,77,bbiddell8o@liveinternet.ru,China,83,2,1312.95,11/9/2021,5,pizza
314,Cilka Kezar,82,ckezar8p@walmart.com,China,16,3,5391.12,7/6/2020,16,burger
315,Holli Deble,40,hdeble8q@bloglines.com,United States,75,5,3800.06,5/9/2021,12,pizza
316,Carolin Cadding,53,ccadding8r@issuu.com,China,64,2,6945.99,6/20/2021,4,pizza
317,Tye Fandrich,45,tfandrich8s@wired.com,Russia,30,2,1878.43,9/11/2021,22,pasta
318,Lila Chritchlow,49,lchritchlow8t@virginia.edu,China,56,2,4771.57,2/18/2020,18,pasta
319,Jody Sammons,62,jsammons8u@netscape.com,Cyprus,91,4,584.84,11/27/2020,9,pasta
320,Noby Yitzowitz,36,nyitzowitz8v@reuters.com,China,43,4,1379.13,4/26/2020,20,pizza
321,Enrica Sheeran,59,esheeran8w@tripod.com,Philippines,68,5,8865.44,5/19/2020,11,burger
322,Pierre Nazareth,18,pnazareth8x@drupal.org,Indonesia,11,5,1446.07,7/2/2020,20,pizza
323,Margareta Moggach,78,mmoggach8y@dailymail.co.uk,Brazil,48,4,1774.27,1/28/2021,17,pasta
324,Kylila Woonton,19,kwoonton8z@g.co,Cambodia,26,2,80.3,9/25/2020,3,pasta
325,Letizia Bettesworth,35,lbettesworth90@engadget.com,Qatar,8,3,4137.11,10/18/2020,20,pizza
326,Audre Judkins,42,ajudkins91@dyndns.org,Russia,15,2,5932.31,8/11/2020,7,burger
327,Andriette Ferriere,36,aferriere92@digg.com,Canada,77,4,470.24,10/1/2021,2,pizza
328,Jobi Barratt,77,jbarratt93@networksolutions.com,Brazil,17,4,853.56,1/29/2020,5,pasta
329,Freddy Grigorian,20,fgrigorian94@europa.eu,Japan,71,4,4452.44,6/9/2020,0,pizza
330,Killian Cuddihy,50,kcuddihy95@networkadvertising.org,Peru,81,5,8271.92,3/17/2021,10,pizza
331,Gerhard Chantillon,32,gchantillon96@si.edu,China,67,4,1755.06,3/14/2020,3,burger
332,Bamby Meyer,71,bmeyer97@go.com,Poland,29,5,4830.56,9/30/2021,15,pizza
333,Monika Brettelle,65,mbrettelle98@statcounter.com,Poland,79,4,3599.98,11/6/2020,17,pasta
334,Thorndike Guly,81,tguly99@ucoz.ru,Russia,61,1,8780.48,1/31/2021,1,burger
335,Kendrick Rivilis,24,krivilis9a@geocities.jp,Guinea,60,4,5849.83,11/6/2021,18,pizza
336,Kalina Grimstead,75,kgrimstead9b@163.com,China,83,5,4702.61,7/21/2020,14,pizza
337,Barbaraanne Faussett,53,bfaussett9c@mozilla.com,Japan,70,3,390.25,11/29/2021,11,pizza
338,Nolan Douris,27,ndouris9d@example.com,China,36,4,5277.63,5/3/2021,21,pizza
339,Toby Naper,38,tnaper9e@ca.gov,Japan,57,5,4522.45,12/19/2021,6,pasta
340,Linnea Adamski,76,ladamski9f@cam.ac.uk,Portugal,26,2,9124.43,3/30/2020,5,burger
341,Geno Margrett,71,gmargrett9g@dot.gov,Brazil,22,2,3255.33,4/21/2020,19,pizza
342,Corella Hendriks,61,chendriks9h@sitemeter.com,Vietnam,16,1,8113.1,11/6/2021,12,pizza
343,Cheryl Haith,77,chaith9i@wunderground.com,Serbia,97,5,4855.19,12/14/2021,11,pizza
344,Starlin Hammersley,64,shammersley9j@flavors.me,Argentina,100,3,3686.63,7/11/2020,3,pizza
345,Justino Ruste,43,jruste9k@smh.com.au,Russia,54,2,8150.26,12/2/2021,11,burger
346,Cassie Tunaclift,19,ctunaclift9l@opensource.org,Russia,76,3,2032.55,11/19/2021,22,burger
347,Corrie Arnao,37,carnao9m@biglobe.ne.jp,Peru,85,1,2602.03,4/19/2020,12,pasta
348,Madge Moorrud,55,mmoorrud9n@vistaprint.com,Iran,60,3,4243.59,9/2/2020,21,burger
349,Tate Marsham,41,tmarsham9o@sbwire.com,France,11,1,9918.24,12/22/2021,12,pasta
350,Shea Noar,58,snoar9p@cbslocal.com,Comoros,67,4,5640.6,8/1/2021,10,pizza
351,Aurelia Hamby,42,ahamby9q@nsw.gov.au,Cuba,4,4,7536.28,3/13/2020,19,pasta
352,Raviv Mattes,24,rmattes9r@gmpg.org,China,20,2,6631.75,10/28/2020,10,burger
353,Latrena Garland,67,lgarland9s@example.com,Indonesia,64,4,109.4,2/13/2021,9,pizza
354,Bunni Lowre,55,blowre9t@netlog.com,Belgium,20,1,3982.32,8/5/2021,24,pasta
355,Ellerey Clarricoates,29,eclarricoates9u@baidu.com,Brazil,93,5,6107.43,5/2/2020,19,pizza
356,Sarajane Canlin,49,scanlin9v@google.es,Brazil,7,5,5962.47,9/1/2020,14,burger
357,Glyn Eymer,22,geymer9w@sakura.ne.jp,Brazil,61,2,3643.42,4/13/2020,22,pasta
358,Alic Silverthorne,37,asilverthorne9x@csmonitor.com,China,72,1,3780.37,5/10/2020,24,pizza
359,Sidney Renne,22,srenne9y@photobucket.com,Chad,34,4,658.17,1/12/2021,18,burger
360,Carolina Dyke,84,cdyke9z@multiply.com,Philippines,17,4,3989.36,1/26/2020,3,pasta
361,Jammal McGilbon,54,jmcgilbona0@usgs.gov,Finland,19,3,7302.69,9/9/2020,17,pizza
362,Shae Heinritz,26,sheinritza1@cbc.ca,Canada,99,5,8843.26,1/13/2020,12,pizza
363,Torr Isabell,39,tisabella2@goodreads.com,China,36,5,7457.27,3/1/2021,2,pizza
364,Yalonda Staddon,21,ystaddona3@blogs.com,Cuba,55,3,4043.44,10/13/2020,19,pasta
365,Rog Anscott,77,ranscotta4@ftc.gov,South Africa,19,4,7716.77,4/16/2020,1,pizza
366,Nolan Hallworth,24,nhallwortha5@imgur.com,Iran,30,2,2723.94,8/15/2021,12,burger
367,Haywood Broxton,74,hbroxtona6@deliciousdays.com,Albania,53,2,2818.72,11/6/2021,12,burger
368,Biron Hazeldene,37,bhazeldenea7@redcross.org,Spain,66,1,1916.76,9/14/2020,14,pasta
369,Alfreda Gheorghe,29,agheorghea8@slashdot.org,Azerbaijan,58,4,5231.32,1/15/2020,18,pizza
370,Karylin Tomaini,54,ktomainia9@google.com.au,China,98,4,8035.75,7/7/2020,7,pizza
371,Guenna Raun,23,graunaa@time.com,Indonesia,84,3,5128.02,3/5/2021,4,pizza
372,Erina Mateus,27,emateusab@360.cn,Sweden,95,4,899.86,11/18/2020,8,pizza
373,Cristina Conrad,74,cconradac@shop-pro.jp,Brazil,64,2,1221.73,9/10/2020,12,burger
374,Flore Fairlaw,24,ffairlawad@i2i.jp,Honduras,30,3,5022.57,2/5/2020,14,burger
375,Oates Ibbeson,46,oibbesonae@phpbb.com,Ukraine,53,2,3809.89,12/16/2021,0,pasta
376,Janie Ughetti,33,jughettiaf@pbs.org,Japan,71,1,6718.71,7/8/2020,22,pasta
377,Helge Eliasen,53,heliasenag@unc.edu,Madagascar,39,3,6718.33,9/24/2020,13,burger
378,Garvey Buessen,79,gbuessenah@chron.com,Thailand,60,3,4778.13,8/12/2021,19,pizza
379,Corabella Bramelt,41,cbrameltai@angelfire.com,Argentina,46,1,9575.29,12/18/2021,12,pasta
380,Valerye Cufflin,70,vcufflinaj@icio.us,Sweden,26,4,3318.06,1/19/2021,4,burger
381,Jamima Rushman,24,jrushmanak@godaddy.com,Ukraine,23,3,7795.12,11/14/2021,16,burger
382,Revkah Ivachyov,62,rivachyoval@de.vu,Indonesia,56,1,6440.21,6/20/2021,19,pizza
383,Domenic Coggill,48,dcoggillam@youtube.com,Poland,70,2,5696.45,8/31/2020,9,pizza
384,Solly Jancik,74,sjancikan@businessweek.com,Honduras,88,4,3018.66,8/15/2021,11,pizza
385,Livvie McNeice,60,lmcneiceao@apple.com,South Africa,66,4,737.12,6/27/2020,4,burger
386,Belva Di Pietro,36,bdiap@bizjournals.com,Indonesia,79,1,8523.82,3/30/2020,16,burger
387,Bram Scrowby,32,bscrowbyaq@army.mil,South Africa,64,4,3677.95,12/29/2021,9,pasta
388,Arri Caton,39,acatonar@storify.com,Trinidad and Tobago,2,3,1787.92,10/2/2020,17,pasta
389,Cherianne Sheward,80,cshewardas@issuu.com,Philippines,65,2,1873.72,7/18/2021,5,pasta
390,Lynnea MacNaughton,57,lmacnaughtonat@cbslocal.com,Portugal,60,2,6313.78,9/21/2021,2,burger
391,Gannie Kingsworth,78,gkingsworthau@blogs.com,Indonesia,85,2,4436.71,2/14/2021,14,pasta
392,Laureen Tutin,33,ltutinav@vimeo.com,Ukraine,85,1,9479.79,4/15/2021,1,pasta
393,Deva Wakely,50,dwakelyaw@addthis.com,Brazil,11,5,1768.04,6/30/2021,13,pasta
394,Lorita Reye,49,lreyeax@archive.org,Dominican Republic,36,2,1761.37,2/12/2021,6,pasta
395,Kary Wolfart,30,kwolfartay@toplist.cz,Russia,78,1,9559.01,6/22/2020,22,burger
396,Miguel Tewkesbury,24,mtewkesburyaz@eventbrite.com,Panama,62,1,7865.37,8/12/2021,16,pizza
397,Arlinda Carous,81,acarousb0@google.de,Russia,27,4,8399.27,2/5/2020,8,pasta
398,Wakefield Mellor,25,wmellorb1@senate.gov,Russia,54,2,211.11,5/6/2021,2,pasta
399,Lonny Benediktsson,35,lbenediktssonb2@wix.com,China,88,2,89.46,3/23/2020,8,pasta
400,Jonis Napoleone,52,jnapoleoneb3@360.cn,Sweden,35,4,7879.86,2/2/2020,15,pasta
401,Marabel Ianson,42,miansonb4@rakuten.co.jp,Netherlands,5,2,4044.56,7/29/2020,6,burger
402,Abel Grzegorczyk,32,agrzegorczykb5@stumbleupon.com,Japan,71,5,9131.76,5/19/2020,22,pasta
403,Micky Harkus,26,mharkusb6@woothemes.com,Democratic Republic of the Congo,45,2,920.44,9/5/2020,4,pasta
404,Shellysheldon Bygraves,53,sbygravesb7@i2i.jp,China,21,1,7502.81,10/7/2020,24,burger
405,Christopher Cleever,58,ccleeverb8@newsvine.com,Colombia,41,1,4044.9,12/16/2021,0,burger
406,Kylie Cornehl,75,kcornehlb9@unblog.fr,Indonesia,50,3,1764.01,3/21/2021,7,pasta
407,Lynnelle Sendley,79,lsendleyba@ezinearticles.com,Poland,100,4,1018.22,5/4/2020,23,pizza
408,Kayley Lafuente,66,klafuentebb@discuz.net,China,98,4,9738.22,9/21/2021,17,burger
409,Forrest Laughlan,49,flaughlanbc@umich.edu,Pakistan,18,3,952.36,10/22/2020,10,burger
410,Natty Aguirrezabala,77,naguirrezabalabd@sfgate.com,Honduras,29,2,5998.89,6/28/2020,22,pizza
411,Charity Spenton,71,cspentonbe@squidoo.com,Russia,23,1,1408.0,4/30/2020,13,pasta
412,Tomi Agnolo,67,tagnolobf@tumblr.com,Czech Republic,87,1,5696.04,4/23/2021,10,pizza
413,Trey Menault,77,tmenaultbg@g.co,Uruguay,77,3,5863.33,8/17/2020,11,burger
414,Raimund Wrintmore,24,rwrintmorebh@360.cn,Sweden,2,1,1286.18,10/20/2020,14,pasta
415,Ranna Lownes,40,rlownesbi@hhs.gov,Philippines,82,4,4120.67,7/24/2021,9,pizza
416,Wilmer Gorghetto,24,wgorghettobj@csmonitor.com,Afghanistan,93,5,6266.4,11/24/2021,2,burger
417,Michaelina Chilley,26,mchilleybk@cbc.ca,Russia,7,2,2801.42,2/27/2020,7,pasta
418,Adrienne Hurlestone,66,ahurlestonebl@washingtonpost.com,Slovenia,89,4,6689.7,8/30/2021,17,pasta
419,Enrique Flanders,78,eflandersbm@xinhuanet.com,Indonesia,49,2,2423.3,9/7/2020,0,pizza
420,Jake Folkerts,81,jfolkertsbn@amazon.com,Japan,15,5,3478.98,5/7/2021,17,burger
421,Gusta Insole,75,ginsolebo@china.com.cn,Portugal,91,3,5118.46,5/20/2021,21,pizza
422,Aharon Saker,55,asakerbp@oracle.com,Philippines,14,3,559.45,3/6/2020,19,pizza
423,Konstanze Vassbender,25,kvassbenderbq@opensource.org,Brazil,93,1,2972.92,2/2/2020,19,pasta
424,Bond Watchorn,77,bwatchornbr@arizona.edu,Australia,25,4,5556.83,9/9/2020,16,pasta
425,Issie Lennox,25,ilennoxbs@blogger.com,China,6,2,7317.97,3/21/2021,13,burger
426,Natalee Gregoli,24,ngregolibt@cafepress.com,Pakistan,63,2,8550.06,1/29/2020,18,pizza
427,Oren Thome,19,othomebu@un.org,Portugal,98,4,4458.56,11/5/2020,24,burger
428,Imelda Dack,55,idackbv@ezinearticles.com,China,81,2,189.17,5/8/2020,8,pizza
429,Gabriell Drinkhill,29,gdrinkhillbw@xinhuanet.com,South Korea,36,3,6913.22,2/22/2020,21,pizza
430,Rasla Grund,54,rgrundbx@opensource.org,France,29,2,9515.29,2/27/2021,16,burger
431,Rosalinda Liffey,63,rliffeyby@angelfire.com,Rwanda,26,3,4999.98,6/29/2021,19,pasta
432,Avictor Alberti,84,aalbertibz@kickstarter.com,Indonesia,56,5,1002.86,12/3/2020,7,pasta
433,Haze O'Kennedy,73,hokennedyc0@china.com.cn,Honduras,56,4,168.54,12/13/2020,14,pizza
434,Monica McBrady,53,mmcbradyc1@jiathis.com,Indonesia,19,2,4869.91,10/13/2020,12,burger
435,Tobie Ream,40,treamc2@github.com,Japan,51,1,1609.54,6/21/2020,18,pasta
436,Nerte Paike,41,npaikec3@slashdot.org,Indonesia,6,1,6556.61,11/26/2020,16,burger
437,Pietra Chudleigh,68,pchudleighc4@hud.gov,Sweden,64,2,7168.24,11/30/2020,5,pasta
438,Inigo Ohms,70,iohmsc5@berkeley.edu,Indonesia,26,3,5067.27,3/4/2021,20,burger
439,Anetta Humpherston,38,ahumpherstonc6@com.com,United States,61,1,5451.83,1/5/2020,8,pasta
440,Dilan Garahan,51,dgarahanc7@feedburner.com,Russia,97,3,4920.37,2/11/2021,16,pizza
441,Dallon Hatto,78,dhattoc8@yale.edu,Czech Republic,97,4,1781.92,10/27/2020,1,pizza
442,Gracia Kineton,45,gkinetonc9@geocities.jp,China,43,5,8062.26,6/7/2020,18,pasta
443,Winny Lovie,58,wlovieca@edublogs.org,Venezuela,60,2,4851.55,8/27/2020,15,pasta
444,Hamlin Oxborrow,37,hoxborrowcb@networkadvertising.org,Iran,66,1,4780.54,2/19/2021,7,pasta
445,Templeton Roylance,38,troylancecc@cnet.com,Bulgaria,78,3,5493.77,8/7/2021,22,pasta
446,Robin Starmont,51,rstarmontcd@soundcloud.com,Chile,88,1,6762.52,8/26/2021,10,burger
447,Guenna Packwood,49,gpackwoodce@goodreads.com,China,56,5,2922.66,8/30/2021,17,pizza
448,Bentley McGeady,19,bmcgeadycf@blogspot.com,Latvia,22,5,4723.4,10/10/2021,7,pasta
449,Allin Jime,36,ajimecg@boston.com,China,4,5,2280.44,6/3/2020,6,pasta
450,Rolfe Drinkall,44,rdrinkallch@discuz.net,Kazakhstan,81,1,3237.46,1/15/2020,3,pasta
451,Quentin Oleshunin,25,qoleshuninci@ebay.com,Democratic Republic of the Congo,27,2,8750.13,11/26/2020,21,burger
452,Ruggiero Strapp,77,rstrappcj@moonfruit.com,Palestinian Territory,11,4,8183.1,11/11/2020,20,pasta
453,Irving Conkie,61,iconkieck@de.vu,Vietnam,69,5,9388.95,7/9/2020,22,pizza
454,Shelby Argyle,73,sargylecl@reverbnation.com,Honduras,88,1,2656.63,5/29/2021,22,pasta
455,Aggie Pettengell,36,apettengellcm@canalblog.com,United States,46,3,8823.15,8/17/2021,14,pasta
456,Edi Connechy,65,econnechycn@shutterfly.com,Russia,93,4,1640.68,6/11/2020,9,burger
457,Yetty Vischi,21,yvischico@parallels.com,Uzbekistan,37,4,9313.29,8/17/2021,20,pizza
458,Cesare Culver,72,cculvercp@delicious.com,Sierra Leone,28,5,7135.52,2/29/2020,8,pasta
459,Janella Bromhead,66,jbromheadcq@topsy.com,Kenya,38,5,3066.67,6/16/2020,7,pizza
460,Aileen Marchiso,36,amarchisocr@blinklist.com,Belarus,76,3,4333.79,1/14/2021,21,pizza
461,Abbot Crummay,48,acrummaycs@flickr.com,Philippines,62,5,4331.68,6/10/2020,9,burger
462,Neel Ockwell,59,nockwellct@jalbum.net,Indonesia,56,2,9587.48,11/9/2020,0,pizza
463,Abner Lohrensen,57,alohrensencu@deviantart.com,China,86,5,241.25,8/24/2021,24,burger
464,Heather Cheavin,23,hcheavincv@vistaprint.com,Portugal,94,3,6399.6,10/12/2021,18,burger
465,Erich Alexandrou,57,ealexandroucw@topsy.com,Mexico,100,2,7400.49,10/12/2020,1,burger
466,Desmund Camble,34,dcamblecx@ucoz.ru,Poland,59,1,9221.8,3/25/2021,11,burger
467,Jessica Paolazzi,60,jpaolazzicy@arstechnica.com,Suriname,3,1,3475.06,1/17/2020,15,burger
468,Merlina Lowman,72,mlowmancz@smugmug.com,Colombia,11,4,5174.4,8/23/2020,16,pasta
469,Leontine Yitshak,27,lyitshakd0@geocities.com,Indonesia,33,2,1235.44,5/29/2020,3,pizza
470,Ole Stut,27,ostutd1@yellowpages.com,Russia,15,4,103.87,4/18/2020,16,pasta
471,Talbot Pillinger,68,tpillingerd2@storify.com,Canada,66,1,4504.82,8/3/2021,20,pizza
472,Sylas Knolles-Green,42,sknollesgreend3@ucoz.com,Sweden,58,5,9699.9,11/26/2021,22,pasta
473,Aurilia Drei,83,adreid4@people.com.cn,Brazil,22,3,5863.41,1/9/2021,2,burger
474,Winnie Brookshaw,64,wbrookshawd5@behance.net,Brazil,62,4,3077.37,6/24/2021,13,burger
475,Gilles Trye,26,gtryed6@sun.com,Armenia,3,3,1528.91,9/18/2020,6,pizza
476,Daniela Ropcke,83,dropcked7@baidu.com,Serbia,79,2,9034.14,5/8/2021,8,burger
477,Frederich Witherop,85,fwitheropd8@miitbeian.gov.cn,Kyrgyzstan,22,4,8218.85,4/5/2021,1,pasta
478,Gratia Rentcome,84,grentcomed9@slate.com,Kazakhstan,47,4,536.75,2/16/2020,9,pasta
479,Koenraad Buzek,80,kbuzekda@sphinn.com,Indonesia,17,4,7557.45,7/8/2021,23,burger
480,Bessie Bonick,44,bbonickdb@bloglines.com,Indonesia,19,5,7024.97,8/16/2021,21,pizza
481,Tine Gregori,54,tgregoridc@icio.us,Democratic Republic of the Congo,79,2,6452.86,4/26/2020,7,burger
482,Minda Purseglove,55,mpurseglovedd@nifty.com,East Timor,25,3,5355.35,6/16/2020,14,pasta
483,Tull Luke,33,tlukede@etsy.com,Thailand,85,2,5799.97,2/9/2020,0,pizza
484,Herman Zoanetti,47,hzoanettidf@dailymotion.com,China,9,5,2762.26,2/20/2020,24,burger
485,Griffy Giacometti,67,ggiacomettidg@epa.gov,United States,100,5,198.23,10/13/2021,2,pasta
486,Udale De Minico,46,udedh@ustream.tv,Ukraine,27,3,4376.76,9/15/2021,18,pasta
487,Pippy Pedwell,22,ppedwelldi@fastcompany.com,United States,47,1,1292.57,7/14/2020,17,pizza
488,Parry Coltart,52,pcoltartdj@washingtonpost.com,Czech Republic,3,5,7012.26,12/30/2020,17,pizza
489,Matthiew McCurry,22,mmccurrydk@stumbleupon.com,Indonesia,24,4,5537.52,3/13/2021,23,burger
490,Franchot de Almeida,62,fdedl@constantcontact.com,Norway,46,2,2088.98,3/30/2020,11,burger
491,Alyce McFadin,35,amcfadindm@tiny.cc,Greece,75,3,8809.58,2/10/2021,5,pasta
492,Milton Lesor,48,mlesordn@goo.ne.jp,Philippines,7,2,5001.96,10/6/2021,6,pizza
493,Galven Tempest,31,gtempestdo@bandcamp.com,China,58,3,4394.23,1/30/2020,1,pasta
494,Bab Gildea,52,bgildeadp@moonfruit.com,Brazil,63,4,6528.21,5/5/2020,11,pasta
495,Remington Baldoni,23,rbaldonidq@creativecommons.org,Nigeria,47,4,8580.8,10/31/2021,0,pizza
496,Ajay Alelsandrovich,64,aalelsandrovichdr@tinypic.com,Russia,57,2,247.46,12/30/2021,5,pasta
497,Em McKendo,19,emckendods@photobucket.com,Cuba,83,1,9583.45,11/11/2021,5,burger
498,Caresa Exter,64,cexterdt@mayoclinic.com,China,86,5,1429.64,10/22/2020,17,pizza
499,Nichole Kesteven,47,nkestevendu@merriam-webster.com,Portugal,20,3,967.32,12/3/2021,1,pizza
500,Faye Lavrick,82,flavrickdv@reddit.com,Brazil,86,2,4136.15,12/2/2021,2,burger
501,Fayth Swetmore,29,fswetmoredw@tamu.edu,Russia,52,2,191.13,1/30/2021,16,pizza
502,Carmita Rentcome,80,crentcomedx@twitter.com,Nicaragua,53,2,7628.23,7/5/2021,11,pasta
503,Steve Ineson,43,sinesondy@google.co.uk,China,2,3,3717.58,9/5/2021,10,burger
504,Sorcha Duffer,44,sdufferdz@ucoz.ru,Peru,73,5,8883.31,10/11/2020,4,burger
505,Chrysa Zoanetti,35,czoanettie0@typepad.com,Argentina,19,1,8092.18,8/28/2020,23,burger
506,Kissee Khrishtafovich,80,kkhrishtafoviche1@google.com.au,Portugal,37,1,4217.4,10/8/2021,0,pasta
507,Yardley Girardez,73,ygirardeze2@prnewswire.com,Lesotho,74,4,886.78,11/30/2021,24,burger
508,Cassandry Brickett,84,cbrickette3@163.com,Vietnam,49,3,9958.1,8/5/2020,16,pasta
509,Georgi Borres,25,gborrese4@google.fr,Ukraine,38,4,8359.29,9/8/2021,24,pasta
510,Jephthah Ramalhete,55,jramalhetee5@whitehouse.gov,Jamaica,6,2,698.89,7/19/2021,10,pizza
511,Antonino Burroughes,53,aburroughese6@eepurl.com,Lebanon,86,1,2249.2,5/14/2020,22,pasta
512,Thor Amner,42,tamnere7@adobe.com,Kenya,66,5,8860.1,5/10/2020,21,pizza
513,Twila Danilenko,64,tdanilenkoe8@indiatimes.com,Indonesia,71,5,9322.53,5/26/2021,20,pizza
514,Ailsun McKee,26,amckeee9@cargocollective.com,Canada,96,3,7279.22,3/28/2020,21,pizza
515,Englebert Devita,30,edevitaea@jigsy.com,Brazil,76,2,4973.09,1/4/2020,23,burger
516,Cob Sirkett,62,csirketteb@java.com,China,95,3,8844.76,1/13/2021,0,burger
517,Erasmus Coye,76,ecoyeec@soup.io,China,89,3,5.49,3/13/2020,24,pasta
518,Darwin L' Estrange,20,dled@free.fr,Guatemala,8,5,9571.64,4/15/2021,5,pasta
519,Staffard Ecclesall,50,secclesallee@globo.com,Oman,24,3,6600.98,9/20/2021,21,pizza
520,Archambault Ranns,32,arannsef@exblog.jp,Portugal,62,2,7667.71,4/9/2021,4,pizza
521,Boyd Kloisner,85,bkloisnereg@blogs.com,Czech Republic,12,4,7143.8,1/1/2020,14,pasta
522,Mitch Vicary,83,mvicaryeh@sohu.com,Brazil,66,3,9866.55,12/16/2021,17,burger
523,Loreen Verryan,46,lverryanei@hp.com,United States,16,1,7659.38,10/18/2020,9,pasta
524,Korry Muzzillo,42,kmuzzilloej@dell.com,Thailand,40,1,8004.78,10/20/2020,9,pasta
525,Urbano Barltrop,21,ubarltropek@engadget.com,Indonesia,25,5,1092.95,11/21/2020,14,pizza
526,Yorke Scrancher,57,yscrancherel@hp.com,France,18,5,7552.38,5/11/2020,1,pasta
527,Roosevelt Sandbach,67,rsandbachem@multiply.com,Ireland,73,3,9939.52,8/23/2021,20,pasta
528,Lambert Martusov,80,lmartusoven@geocities.com,Egypt,54,3,7111.72,10/6/2021,21,burger
529,Lucias Nimmo,28,lnimmoeo@networkadvertising.org,Syria,35,3,6424.16,7/6/2021,24,pizza
530,Korry Farry,57,kfarryep@g.co,Yemen,74,1,9484.39,11/19/2021,13,burger
531,Rik Sindall,51,rsindalleq@gizmodo.com,Russia,40,3,8607.31,2/23/2021,4,pizza
532,Juliane Klimkin,18,jklimkiner@mediafire.com,China,9,4,4908.61,12/6/2021,22,pasta
533,Loretta Bruckner,58,lbruckneres@army.mil,Sweden,57,2,4503.74,9/19/2020,10,pizza
534,Jemmy Blair,76,jblairet@google.ca,Sweden,57,4,3737.67,11/12/2020,19,burger
535,Raleigh MacGillreich,53,rmacgillreicheu@go.com,United States,88,5,1990.0,6/19/2021,20,pasta
536,Conny Skones,40,cskonesev@csmonitor.com,China,54,1,75.35,9/2/2020,12,burger
537,Eleonora Lettice,78,eletticeew@virginia.edu,Costa Rica,25,3,285.73,8/20/2020,7,pizza
538,Sloane Matoshin,21,smatoshinex@etsy.com,Philippines,48,3,5062.28,2/25/2020,16,pizza
539,Jillana Lammers,33,jlammersey@home.pl,China,100,4,8576.75,3/10/2021,1,pasta
540,Corabella Neeves,56,cneevesez@domainmarket.com,Canada,85,2,6477.24,8/12/2021,8,burger
541,Roderick Ferie,41,rferief0@chronoengine.com,China,53,3,3304.45,6/1/2021,24,pasta
542,Ignace Batchellor,49,ibatchellorf1@earthlink.net,Honduras,57,4,4953.78,9/7/2021,3,burger
543,Cherri Snowsill,29,csnowsillf2@symantec.com,United States,64,3,5776.86,11/23/2021,23,pasta
544,Anatole Tague,61,ataguef3@usgs.gov,Madagascar,1,4,9792.11,1/8/2020,7,pasta
545,Verene Hearnes,83,vhearnesf4@quantcast.com,Tanzania,91,5,8901.25,8/22/2021,15,pizza
546,Maire Fleeming,64,mfleemingf5@miibeian.gov.cn,Kosovo,59,2,4665.18,6/1/2021,15,pizza
547,Yanaton Churm,53,ychurmf6@berkeley.edu,China,62,3,5810.83,9/16/2021,23,pasta
548,Redd Gossington,27,rgossingtonf7@goo.ne.jp,Indonesia,29,2,8567.25,3/31/2021,22,burger
549,Everett Twoohy,38,etwoohyf8@goo.gl,Philippines,22,4,2341.68,5/5/2020,2,pasta
550,Reba Nussey,76,rnusseyf9@csmonitor.com,China,31,5,5241.26,2/3/2020,22,burger
551,Jill Tetley,38,jtetleyfa@xing.com,Malta,20,2,2400.68,10/23/2020,16,pasta
552,Bernarr Fay,72,bfayfb@elegantthemes.com,Yemen,100,1,6545.85,6/18/2020,3,pizza
553,Damien Tingey,27,dtingeyfc@purevolume.com,Philippines,11,5,797.27,4/8/2020,15,pasta
554,Sheila-kathryn MacBain,46,smacbainfd@mac.com,Nigeria,90,3,585.68,4/14/2021,8,pizza
555,Darn Dugall,23,ddugallfe@elegantthemes.com,Tanzania,16,1,3261.87,4/8/2021,23,burger
556,Letisha Fagence,37,lfagenceff@apple.com,Brazil,88,2,5240.32,11/17/2020,17,burger
557,Arda Cockling,51,acocklingfg@ocn.ne.jp,Peru,45,5,7454.49,9/24/2021,3,pizza
558,Von Trusler,37,vtruslerfh@craigslist.org,Peru,54,2,9459.15,12/28/2020,1,burger
559,Aleece Gerriets,59,agerrietsfi@uiuc.edu,China,29,5,5865.23,12/4/2020,3,pasta
560,Carleton Durrand,33,cdurrandfj@netlog.com,Czech Republic,65,1,9709.99,10/19/2020,23,pizza
561,Nertie Lindenfeld,85,nlindenfeldfk@skype.com,North Korea,66,3,1317.27,2/6/2021,5,burger
562,Anthe Coning,85,aconingfl@drupal.org,Nigeria,80,1,2582.95,5/21/2021,12,pasta
563,Emlynn Sandall,36,esandallfm@ucoz.com,Czech Republic,42,2,4249.75,5/17/2021,19,pizza
564,Oswald Sibson,53,osibsonfn@networkadvertising.org,France,91,3,4210.54,9/2/2020,24,burger
565,Joyan Wooler,85,jwoolerfo@pen.io,Peru,12,3,5731.16,11/22/2021,8,pasta
566,Pancho Shurville,81,pshurvillefp@nifty.com,Madagascar,17,4,8376.36,4/29/2020,15,burger
567,Melantha Ainley,59,mainleyfq@cocolog-nifty.com,Israel,53,3,5193.75,6/8/2020,3,pasta
568,Dolores Maunsell,24,dmaunsellfr@hugedomains.com,Honduras,67,4,2676.61,10/21/2021,14,pizza
569,Sarene Goublier,26,sgoublierfs@google.com.hk,Greece,86,3,148.87,11/4/2020,4,pasta
570,Homere Saltrese,67,hsaltreseft@pbs.org,France,2,2,8019.18,11/10/2021,14,pizza
571,Kellia Dockree,27,kdockreefu@reference.com,China,79,1,9324.64,8/25/2020,21,pizza
572,Natalina Petrolli,58,npetrollifv@cbslocal.com,Argentina,60,4,5447.95,2/5/2020,24,burger
573,Daphne Zanioletti,74,dzaniolettifw@usnews.com,Poland,48,3,5278.67,12/9/2020,8,pasta
574,Eden Tibols,31,etibolsfx@geocities.jp,Indonesia,30,1,8213.24,3/4/2021,12,burger
575,Petronille Bartoshevich,73,pbartoshevichfy@buzzfeed.com,Russia,56,2,712.6,7/26/2020,12,pizza
576,Fancie Gooderson,26,fgoodersonfz@wsj.com,Sweden,16,5,8633.48,4/30/2020,16,burger
577,Tull Chafney,85,tchafneyg0@columbia.edu,Nepal,58,2,4767.76,1/1/2020,0,pizza
578,Elyssa Scarrisbrick,29,escarrisbrickg1@hatena.ne.jp,United States,90,4,2151.02,10/8/2021,23,pizza
579,Arlyn Cayle,24,acayleg2@ucla.edu,Panama,39,4,9063.71,1/17/2021,10,pasta
580,Brennan Dymocke,70,bdymockeg3@yellowpages.com,Sweden,50,2,745.14,12/1/2021,12,burger
581,Pavlov Bond,51,pbondg4@storify.com,Malaysia,61,4,9531.36,4/25/2020,18,pasta
582,Cleavland Krout,75,ckroutg5@gizmodo.com,China,73,1,3293.66,1/21/2020,7,pizza
583,Ashli Zecchinelli,74,azecchinellig6@tinyurl.com,Portugal,24,4,8976.13,12/28/2021,6,burger
584,Lorette Chilcotte,69,lchilcotteg7@imgur.com,Argentina,40,5,8326.48,9/24/2020,8,pasta
585,Bill Buffham,53,bbuffhamg8@is.gd,United States,45,3,8753.06,10/30/2021,16,pasta
586,Melva Champness,53,mchampnessg9@mit.edu,Senegal,23,5,4907.7,8/28/2021,1,burger
587,Babette Dunkerley,81,bdunkerleyga@yellowbook.com,China,7,2,9680.11,3/23/2020,1,burger
588,Gilberto Hartrick,34,ghartrickgb@php.net,France,14,4,4653.58,10/15/2020,23,pizza
589,Chas Roast,73,croastgc@google.com.au,China,23,1,8624.35,7/13/2020,9,pizza
590,Jena Mustoe,38,jmustoegd@unesco.org,France,87,3,3004.35,2/21/2021,12,pasta
591,Oneida Clymo,57,oclymoge@uiuc.edu,China,9,4,5359.99,6/22/2020,17,pizza
592,Hadria Povele,58,hpovelegf@digg.com,Chile,81,1,7472.69,2/24/2021,14,pasta
593,Jasper Judson,83,jjudsongg@ning.com,United States,35,1,6617.09,6/15/2020,8,pasta
594,Ophelia Berlin,59,oberlingh@deliciousdays.com,China,59,3,7837.53,2/8/2021,11,pasta
595,Mitchell Werendell,65,mwerendellgi@reuters.com,Chile,70,3,1429.53,12/22/2020,21,pasta
596,Hurleigh Roake,70,hroakegj@businessweek.com,China,33,2,5281.45,1/12/2021,5,burger
597,Cammy Bointon,26,cbointongk@lulu.com,China,26,1,1048.05,1/25/2021,20,burger
598,Rex Reskelly,55,rreskellygl@google.com.hk,Philippines,65,1,4393.63,9/30/2021,0,pasta
599,Parnell Cowlin,62,pcowlingm@dailymotion.com,Portugal,70,1,1652.4,1/14/2021,7,pasta
600,Rickard Ledbury,55,rledburygn@xing.com,Czech Republic,83,4,924.66,3/12/2021,20,pizza
601,Cordie Schober,25,cschobergo@ezinearticles.com,Portugal,8,3,7740.42,8/28/2020,21,burger
602,Gill Lloyd-Williams,20,glloydwilliamsgp@indiegogo.com,Russia,65,1,5876.95,7/6/2021,11,burger
603,Shelden Rustidge,25,srustidgegq@berkeley.edu,Portugal,27,1,7284.18,5/1/2021,10,burger
604,Pietra Newbegin,38,pnewbegingr@imdb.com,Iran,12,4,8545.55,3/24/2020,1,pasta
605,Bryana Chirm,44,bchirmgs@comcast.net,Finland,48,4,2043.28,10/31/2020,22,pasta
606,Dione Arundell,81,darundellgt@github.com,Norway,32,5,8295.48,12/6/2020,13,pasta
607,Federico Potteril,71,fpotterilgu@free.fr,Indonesia,50,1,2247.91,2/8/2021,16,burger
608,Star Gladding,52,sgladdinggv@studiopress.com,East Timor,47,2,632.84,3/2/2021,18,pasta
609,Angeline Caslett,40,acaslettgw@businesswire.com,Guatemala,77,3,8392.23,3/25/2021,12,pasta
610,Cullie Alison,37,calisongx@abc.net.au,Albania,97,2,183.81,8/4/2021,23,pizza
611,Abbie Fontelles,81,afontellesgy@goo.ne.jp,Poland,65,5,1501.3,1/31/2020,14,pasta
612,Cassandry Marton,29,cmartongz@google.co.uk,Peru,22,5,1208.54,4/14/2021,6,burger
613,Duncan MacDuff,34,dmacduffh0@abc.net.au,Sweden,60,5,7575.62,1/29/2021,4,pizza
614,Nikki Paff,31,npaffh1@gov.uk,Slovenia,27,5,9746.74,8/13/2021,17,pasta
615,Shermie Brabbs,80,sbrabbsh2@dot.gov,Anguilla,83,1,3062.15,1/14/2020,18,pizza
616,Emylee Handsheart,32,ehandshearth3@photobucket.com,China,7,5,8545.58,12/18/2021,3,pasta
617,Bradan Bosson,84,bbossonh4@redcross.org,Peru,80,4,206.2,11/3/2020,11,burger
618,Grant Racine,85,gracineh5@businesswire.com,China,57,1,7821.5,5/22/2020,17,pizza
619,Annaliese Petrovykh,20,apetrovykhh6@alibaba.com,Latvia,96,5,2974.39,5/6/2021,12,pasta
620,Tanner Cobbled,29,tcobbledh7@usa.gov,Japan,23,2,3071.32,2/22/2020,17,pasta
621,Rafaelita Punshon,58,rpunshonh8@discovery.com,United States,84,5,9589.05,2/9/2021,7,pizza
622,Ivar Schutze,76,ischutzeh9@vk.com,Afghanistan,98,5,813.76,2/19/2021,8,burger
623,Bette Penning,68,bpenningha@yelp.com,Philippines,42,2,5005.01,6/3/2021,1,burger
624,Waylan Inchcomb,68,winchcombhb@etsy.com,China,56,3,39.59,3/29/2020,13,pasta
625,Lesly Jeandel,71,ljeandelhc@networkadvertising.org,Peru,49,2,2417.93,3/6/2021,24,pasta
626,Janella Loder,74,jloderhd@spotify.com,Czech Republic,69,4,1982.5,8/9/2021,4,burger
627,Kimberli Penwarden,46,kpenwardenhe@narod.ru,Guam,76,1,2557.18,10/29/2021,0,pasta
628,Ertha Kempston,76,ekempstonhf@pinterest.com,Sweden,72,2,4927.42,6/24/2021,7,pasta
629,Clemmy Ferran,33,cferranhg@flickr.com,China,97,2,5411.77,3/10/2021,5,pizza
630,Biron Spurrier,82,bspurrierhh@theglobeandmail.com,Spain,1,1,2178.13,1/17/2021,9,burger
631,Laurene Slyman,73,lslymanhi@fc2.com,France,93,2,1771.51,5/18/2021,23,burger
632,Hendrik Widdocks,55,hwiddockshj@pen.io,China,19,4,2284.65,10/11/2021,13,pasta
633,Yoko Whereat,73,ywhereathk@yahoo.com,United States,93,5,1092.47,5/5/2021,11,pasta
634,Nicholas Scurry,56,nscurryhl@cnet.com,Portugal,51,4,4739.82,4/27/2021,11,burger
635,Cristine McOnie,76,cmconiehm@cargocollective.com,Philippines,61,5,1238.55,9/20/2020,3,pasta
636,Humphrey Baudet,68,hbaudethn@dion.ne.jp,Pakistan,56,4,738.72,10/5/2021,10,burger
637,Peri Studman,62,pstudmanho@live.com,Portugal,72,1,7101.44,7/8/2020,5,pizza
638,Terrence Trevett,44,ttrevetthp@hexun.com,Bolivia,82,2,7628.81,12/24/2020,12,pizza
639,Fredericka Noraway,60,fnorawayhq@jiathis.com,Indonesia,46,2,2496.94,8/5/2021,8,pasta
640,Abdul Krishtopaittis,29,akrishtopaittishr@bloglovin.com,Russia,88,4,5383.78,10/10/2021,13,burger
641,Augustine Butterley,51,abutterleyhs@scribd.com,Colombia,20,1,5354.53,1/18/2020,12,pasta
642,Zachariah Blackaller,27,zblackallerht@oracle.com,Poland,39,1,1438.66,11/28/2021,1,pizza
643,Kaile Cheng,24,kchenghu@buzzfeed.com,Macedonia,24,1,3610.3,5/23/2021,2,burger
644,Wylie Turbayne,31,wturbaynehv@cpanel.net,Indonesia,81,1,8144.18,6/22/2021,12,pasta
645,Sutherland Dearness,47,sdearnesshw@seesaa.net,China,19,4,2961.38,9/21/2021,10,burger
646,Bronnie Ades,18,badeshx@homestead.com,Iran,4,1,1440.68,8/24/2021,16,pasta
647,Des Monckton,19,dmoncktonhy@weather.com,Ethiopia,7,3,4384.53,9/2/2021,4,pasta
648,Wynnie Wanek,51,wwanekhz@eventbrite.com,Argentina,15,1,3622.69,4/14/2020,5,pasta
649,Ephrem Smeed,60,esmeedi0@ibm.com,Portugal,93,4,1936.29,9/28/2021,18,burger
650,Wynne Dinzey,30,wdinzeyi1@marriott.com,Ukraine,39,3,8961.88,3/28/2021,9,burger
651,Nikola Dupoy,61,ndupoyi2@europa.eu,Kosovo,27,4,9870.47,4/18/2020,0,burger
652,Adela Pusill,64,apusilli3@aboutads.info,Haiti,80,2,8140.84,3/7/2021,3,pasta
653,Clywd Thorbon,44,cthorboni4@redcross.org,China,97,1,3932.32,8/19/2021,10,pasta
654,Wynny Chesnay,54,wchesnayi5@narod.ru,Brazil,3,5,568.31,2/21/2020,2,burger
655,Willy Pratton,83,wprattoni6@npr.org,Sweden,15,3,3693.26,2/6/2020,11,burger
656,Hector Ingarfield,48,hingarfieldi7@vimeo.com,Cape Verde,51,3,6996.45,2/18/2020,16,pizza
657,Thom Divill,40,tdivilli8@lulu.com,Morocco,21,2,2729.12,2/26/2020,9,pasta
658,Joelle Loughlin,44,jloughlini9@bloglovin.com,Poland,87,2,183.89,8/12/2021,2,burger
659,Brockie Hinrich,85,bhinrichia@adobe.com,Ivory Coast,74,5,1813.93,1/29/2021,10,burger
660,Aurlie Clint,85,aclintib@edublogs.org,China,25,1,7754.85,11/1/2021,14,pizza
661,Vladamir Ingerfield,50,vingerfieldic@wordpress.org,Indonesia,38,5,3160.79,9/15/2020,12,burger
662,Sam Blowing,71,sblowingid@sun.com,Iran,30,3,1154.92,10/7/2020,2,pasta
663,Afton Vauls,19,avaulsie@bluehost.com,Portugal,90,3,8535.57,8/26/2020,4,pasta
664,Viviana Yakebovich,25,vyakebovichif@hao123.com,China,82,3,6475.82,1/26/2021,5,pizza
665,Ami Whitesel,85,awhiteselig@indiegogo.com,Mexico,34,3,8562.23,5/5/2021,10,pizza
666,Alison Duffield,82,aduffieldih@usatoday.com,Brazil,90,1,7086.25,7/10/2020,19,pasta
667,Hi Smallpiece,77,hsmallpieceii@npr.org,China,11,5,2145.26,3/16/2020,8,burger
668,Nick Cahan,22,ncahanij@ftc.gov,Chile,58,2,1989.04,1/28/2021,7,pizza
669,Katey Bodham,74,kbodhamik@ed.gov,Netherlands,68,3,9332.3,4/27/2020,1,burger
670,Chiarra Inston,53,cinstonil@tiny.cc,Brazil,16,5,2160.21,5/23/2020,16,pasta
671,Laure Collinge,46,lcollingeim@ted.com,Japan,23,1,2108.63,3/28/2021,12,pizza
672,Kyle Kuschel,45,kkuschelin@shinystat.com,Kyrgyzstan,3,5,2025.81,11/23/2020,5,pizza
673,Ferdinande L' Estrange,82,flio@engadget.com,Saudi Arabia,61,3,3397.06,3/15/2020,14,pizza
674,Mickie Gallego,27,mgallegoip@state.tx.us,Tanzania,44,2,2879.15,11/26/2021,9,burger
675,Timofei Sidebotham,23,tsidebothamiq@eepurl.com,Russia,15,3,7197.91,12/2/2021,20,pizza
676,Beverly Jorat,67,bjoratir@bbb.org,Greece,71,5,4377.95,7/15/2020,2,burger
677,Kennett Maffione,26,kmaffioneis@merriam-webster.com,Japan,33,2,921.85,6/26/2021,22,pasta
678,Dinnie Kenright,48,dkenrightit@admin.ch,Russia,72,3,1606.93,9/12/2020,19,pasta
679,Mikaela Magee,78,mmageeiu@whitehouse.gov,Ukraine,98,5,6667.5,7/3/2020,7,burger
680,Barnabe Rhys,69,brhysiv@free.fr,Finland,79,1,5803.36,6/15/2020,22,pasta
681,Merlina Aldersea,18,malderseaiw@privacy.gov.au,China,29,3,5399.96,1/12/2020,10,pasta
682,Jesse Slott,37,jslottix@g.co,Indonesia,11,1,9797.77,12/3/2020,22,pizza
683,Margalo Jatczak,52,mjatczakiy@vkontakte.ru,Philippines,55,2,3827.88,11/9/2021,11,pizza
684,Ardelis Constantine,33,aconstantineiz@furl.net,Russia,2,5,8843.07,12/16/2021,4,burger
685,Alexine Drable,73,adrablej0@ow.ly,Croatia,55,5,3330.28,2/21/2020,6,pasta
686,Linn Reuven,70,lreuvenj1@cisco.com,Indonesia,55,2,7154.04,9/11/2021,24,pasta
687,Merrili Jerrim,21,mjerrimj2@icq.com,China,40,2,5631.72,12/6/2020,19,pasta
688,Nicki Bonnesen,46,nbonnesenj3@hatena.ne.jp,Madagascar,11,5,5605.88,3/11/2020,3,pizza
689,Brody McGaugie,69,bmcgaugiej4@youtube.com,Guatemala,39,5,3317.84,1/13/2021,18,pasta
690,Stanwood Keeley,40,skeeleyj5@pagesperso-orange.fr,China,91,1,6593.94,10/15/2021,2,pasta
691,Saunders Legonidec,21,slegonidecj6@amazon.co.jp,Greece,58,3,909.05,3/21/2020,10,burger
692,Stephanus Downage,27,sdownagej7@nsw.gov.au,Canada,22,5,655.54,2/29/2020,6,pasta
693,Hilario Ksandra,80,hksandraj8@hibu.com,Brazil,63,1,8076.1,2/12/2020,17,pizza
694,Chaunce Cupitt,39,ccupittj9@ifeng.com,Mexico,4,4,4430.03,2/24/2021,14,burger
695,Venita Haldenby,84,vhaldenbyja@discuz.net,Nigeria,9,5,2136.96,5/22/2020,19,pizza
696,Karoly Trusslove,77,ktrusslovejb@cafepress.com,Brazil,11,2,7857.55,4/25/2020,3,burger
697,Agnella Likely,83,alikelyjc@webeden.co.uk,Palestinian Territory,95,3,7113.26,9/7/2020,17,burger
698,Kristien Keneford,24,kkenefordjd@omniture.com,Brazil,86,1,4994.79,5/7/2020,20,pizza
699,Olympe Gyford,71,ogyfordje@nydailynews.com,China,69,3,3725.51,3/9/2021,1,pasta
700,Kenyon Buckett,73,kbuckettjf@google.com.br,Iran,56,1,3963.74,11/9/2021,8,burger
701,Konstantin Plail,85,kplailjg@opera.com,Belarus,2,1,1994.69,2/5/2021,2,pasta
702,Felicle Andrieu,71,fandrieujh@mozilla.com,China,84,2,3821.64,10/19/2020,23,pasta
703,Aindrea Radin,83,aradinji@pen.io,Vietnam,76,5,2906.98,2/13/2020,23,burger
704,Michel Yaneev,40,myaneevjj@hao123.com,Kazakhstan,71,5,7572.19,1/2/2020,16,pasta
705,Bobbe Samuels,42,bsamuelsjk@ehow.com,Albania,39,3,4919.26,1/27/2021,3,burger
706,Brianne Worms,47,bwormsjl@sciencedirect.com,China,60,3,6686.94,3/7/2021,24,pizza
707,Tarrance Standing,79,tstandingjm@weebly.com,Estonia,14,2,9152.59,3/23/2020,1,pasta
708,Codi Raistrick,27,craistrickjn@so-net.ne.jp,Ukraine,13,4,3324.08,12/1/2020,11,pasta
709,Cobbie Normanvell,34,cnormanvelljo@scribd.com,Philippines,58,4,8737.79,9/13/2021,16,burger
710,Ellswerth Liverock,66,eliverockjp@liveinternet.ru,Ukraine,27,3,8109.91,10/23/2021,19,pasta
711,Sheilah Westerman,73,swestermanjq@odnoklassniki.ru,Dominican Republic,11,5,800.84,9/9/2021,19,burger
712,Lane Alforde,77,lalfordejr@whitehouse.gov,Panama,100,4,1804.61,10/4/2020,0,pasta
713,Guinna Mehmet,36,gmehmetjs@reuters.com,Poland,34,3,9663.61,5/22/2021,6,pizza
714,Sherm MacLure,40,smaclurejt@nationalgeographic.com,Philippines,51,5,5148.89,1/24/2021,17,pizza
715,Che Lorenzini,58,clorenziniju@baidu.com,Indonesia,44,4,63.63,8/23/2021,0,burger
716,Leda Guys,57,lguysjv@un.org,China,18,2,7566.79,10/3/2020,8,pasta
717,Tod Fairlaw,63,tfairlawjw@alexa.com,United States,88,4,2574.42,5/10/2020,2,pasta
718,Liam Notley,48,lnotleyjx@psu.edu,Portugal,10,1,2845.05,2/26/2020,16,pasta
719,Danna Ormonde,30,dormondejy@gravatar.com,Bolivia,85,5,2849.26,6/2/2020,4,burger
720,Nina Mossom,49,nmossomjz@cmu.edu,Indonesia,75,3,720.27,10/14/2021,5,burger
721,Ephraim Crowche,52,ecrowchek0@uol.com.br,South Africa,68,5,9034.85,5/17/2020,23,burger
722,Pattie O'Sculley,58,posculleyk1@pcworld.com,China,74,4,9597.16,12/26/2021,18,pasta
723,Rosanne McCaughan,50,rmccaughank2@rediff.com,Malaysia,100,1,3003.34,8/4/2021,1,burger
724,Derward Garrettson,71,dgarrettsonk3@loc.gov,Philippines,54,4,5783.28,2/28/2021,3,pasta
725,Christye Golton,69,cgoltonk4@opensource.org,Thailand,74,2,1527.56,1/31/2021,12,burger
726,Obadiah Dragge,54,odraggek5@baidu.com,United States,38,3,7353.85,4/11/2021,14,burger
727,Lucais Roughsedge,76,lroughsedgek6@zimbio.com,China,73,4,1070.59,3/15/2021,18,burger
728,Gloriana Rockhall,85,grockhallk7@reference.com,Ukraine,1,4,3748.61,10/24/2020,10,pizza
729,Ambrose Dimberline,56,adimberlinek8@stanford.edu,Sweden,70,1,9723.99,2/7/2021,0,burger
730,Derk McIndoe,66,dmcindoek9@w3.org,Czech Republic,82,2,6264.73,9/19/2021,15,burger
731,Franklyn Pipping,21,fpippingka@tumblr.com,Republic of the Congo,99,2,8645.8,4/14/2020,15,burger
732,Bonita Stamps,78,bstampskb@timesonline.co.uk,Canada,100,3,6069.46,8/29/2020,6,burger
733,Corny Leaf,45,cleafkc@prlog.org,Cameroon,6,5,7528.03,1/1/2020,9,pasta
734,Carolyn Tetlow,68,ctetlowkd@cisco.com,Syria,25,5,2676.23,6/11/2020,16,pizza
735,Townie Joslow,28,tjoslowke@va.gov,Indonesia,69,3,5433.39,12/27/2020,15,pizza
736,Dav Frean,68,dfreankf@geocities.com,Ukraine,4,2,6971.47,8/24/2021,13,pizza
737,Clio Casino,49,ccasinokg@prlog.org,Poland,57,4,3912.35,4/10/2020,5,pasta
738,Nev Steed,74,nsteedkh@sciencedirect.com,Micronesia,95,4,8912.42,8/29/2021,10,pasta
739,Pearle MacBain,67,pmacbainki@dagondesign.com,Russia,22,2,350.98,9/8/2021,6,pizza
740,Concettina Prendiville,49,cprendivillekj@amazon.co.jp,Brazil,81,3,5426.45,2/16/2021,5,burger
741,Sanders Senechell,26,ssenechellkk@mlb.com,Vietnam,23,1,568.36,2/6/2021,21,burger
742,Brinn Dawney,71,bdawneykl@google.com.au,Sierra Leone,45,4,3375.35,8/25/2020,20,pasta
743,Norbert Lowndesbrough,49,nlowndesbroughkm@earthlink.net,Poland,52,2,2723.17,2/25/2021,2,burger
744,Bren Sherry,56,bsherrykn@ibm.com,Bulgaria,38,5,2048.74,10/5/2021,17,pasta
745,Caroljean Tregidga,84,ctregidgako@fc2.com,Brazil,11,3,3527.42,9/12/2021,7,burger
746,Fredra Tapsell,74,ftapsellkp@imgur.com,Sweden,10,3,8934.39,11/14/2020,12,pizza
747,Rubi Morphew,19,rmorphewkq@odnoklassniki.ru,Portugal,25,4,8974.16,11/30/2020,14,burger
748,Slade Lewknor,62,slewknorkr@imgur.com,Sierra Leone,64,1,511.0,6/16/2021,7,burger
749,Martha Sibbson,76,msibbsonks@irs.gov,Serbia,40,3,1579.03,11/14/2020,22,burger
750,Bartolomeo Kastel,72,bkastelkt@independent.co.uk,Portugal,99,5,1523.97,7/12/2021,8,pasta
751,Cate Hindrich,74,chindrichku@pinterest.com,Russia,62,1,8509.46,1/5/2021,23,pizza
752,Glad Zorzin,65,gzorzinkv@wix.com,Russia,22,1,1301.38,7/2/2020,15,pasta
753,Demetris Jekyll,84,djekyllkw@360.cn,Slovenia,52,1,5815.65,1/21/2020,23,pizza
754,Catriona Signori,52,csignorikx@lulu.com,Brazil,81,3,8588.3,12/27/2020,22,burger
755,Johannes Cranston,66,jcranstonky@blogger.com,China,72,1,201.0,3/9/2020,17,pizza
756,Harp Ginner,73,hginnerkz@rakuten.co.jp,China,6,3,416.09,6/9/2021,21,pasta
757,Nanice Boddis,19,nboddisl0@globo.com,Indonesia,98,3,711.22,6/16/2021,20,pizza
758,Miguela Greenacre,31,mgreenacrel1@umn.edu,Czech Republic,38,2,2868.09,11/15/2020,17,pizza
759,Esma Kemme,75,ekemmel2@unblog.fr,China,75,4,6467.41,4/4/2020,3,burger
760,Porter Kernes,61,pkernesl3@imageshack.us,Indonesia,86,1,1916.96,11/17/2021,22,burger
761,Twyla Deacon,37,tdeaconl4@ask.com,Portugal,67,5,6636.23,7/8/2021,8,pizza
762,Feliza Tregido,26,ftregidol5@senate.gov,Brazil,23,5,7747.71,10/14/2021,22,pasta
763,Mary Thurley,60,mthurleyl6@behance.net,Denmark,77,2,7387.83,4/8/2021,5,pizza
764,Petronille Regina,46,preginal7@lulu.com,China,20,5,7584.76,11/11/2020,2,burger
765,Monty Bruinemann,25,mbruinemannl8@nature.com,Brazil,90,3,6462.03,5/20/2021,2,pizza
766,Lina Kleynermans,69,lkleynermansl9@blinklist.com,China,72,2,9281.63,7/8/2020,24,pizza
767,Concordia Keasley,79,ckeasleyla@cocolog-nifty.com,Botswana,73,3,7793.36,7/22/2020,2,burger
768,Hamel Frontczak,26,hfrontczaklb@aol.com,Philippines,17,4,3235.4,9/9/2021,13,burger
769,Sully Dunbobin,77,sdunbobinlc@amazon.co.jp,Iran,44,1,9263.77,10/15/2020,8,burger
770,Ingar Balog,22,ibalogld@yahoo.com,Indonesia,46,3,6799.38,6/26/2021,11,pizza
771,Renae Fandrey,70,rfandreyle@admin.ch,China,74,1,7641.4,4/10/2021,10,pizza
772,Clementina Savory,44,csavorylf@answers.com,Spain,61,4,2736.72,1/24/2021,6,pasta
773,Seka Doxsey,78,sdoxseylg@rakuten.co.jp,Czech Republic,74,1,4635.19,3/29/2021,7,pasta
774,Claude Thomason,36,cthomasonlh@wikispaces.com,Indonesia,30,2,8575.74,2/24/2021,18,burger
775,Dorree Gregr,34,dgregrli@weibo.com,United States,10,1,8572.64,2/5/2021,6,pasta
776,Jabez Slogrove,41,jslogrovelj@hostgator.com,China,85,2,54.82,2/25/2021,13,pizza
777,Estevan Cammomile,34,ecammomilelk@oracle.com,Cuba,47,1,3626.3,12/16/2021,20,pasta
778,Perice Berrie,54,pberriell@hibu.com,Vanuatu,4,1,5684.78,12/1/2020,21,pizza
779,Sophey Sparway,45,ssparwaylm@aol.com,Bosnia and Herzegovina,68,2,8644.75,11/22/2021,7,pasta
780,Skelly Raycroft,78,sraycroftln@yellowpages.com,Brazil,75,1,4319.07,5/3/2021,17,burger
781,Blondie Pinnington,39,bpinningtonlo@columbia.edu,Indonesia,88,5,9009.96,9/27/2020,22,pizza
782,Olenolin Filipovic,85,ofilipoviclp@hugedomains.com,Mauritania,34,4,3059.31,11/2/2021,0,burger
783,Martie Dorbon,75,mdorbonlq@ox.ac.uk,Russia,20,3,7111.8,3/20/2020,14,pizza
784,Gale Pavier,19,gpavierlr@java.com,China,10,4,7775.36,11/8/2021,11,burger
785,Hewie Constance,74,hconstancels@usatoday.com,Croatia,38,5,9681.18,2/1/2021,16,burger
786,Dacy Fautley,23,dfautleylt@pbs.org,Iran,93,1,6701.5,8/3/2020,17,pizza
787,Carolan Spinella,77,cspinellalu@washingtonpost.com,Philippines,10,5,7746.04,7/22/2021,21,pizza
788,Garland Armytage,55,garmytagelv@cbc.ca,China,40,4,892.73,2/9/2020,7,burger
789,Britni Spinozzi,30,bspinozzilw@java.com,China,89,4,9045.62,1/21/2020,15,burger
790,Joline Colin,34,jcolinlx@furl.net,France,46,2,7828.94,7/12/2020,1,pizza
791,Cece Fickling,79,cficklingly@themeforest.net,Indonesia,96,5,4066.71,11/26/2020,8,burger
792,Dulci Sterley,62,dsterleylz@ed.gov,Poland,41,4,5187.49,6/18/2020,10,pasta
793,Chick Brotherick,59,cbrotherickm0@prlog.org,Indonesia,14,3,4960.27,11/3/2021,4,pizza
794,Damara Slatcher,80,dslatcherm1@vk.com,China,68,3,1215.26,12/26/2021,5,burger
795,Cloris Fancy,54,cfancym2@pagesperso-orange.fr,Portugal,86,1,4408.75,6/23/2021,7,pizza
796,Christy Arnaldi,84,carnaldim3@phoca.cz,Ukraine,60,3,4353.06,7/12/2021,20,pasta
797,Esther Donisi,55,edonisim4@google.pl,Colombia,99,1,8141.67,5/12/2020,5,burger
798,Esra Swindells,29,eswindellsm5@boston.com,France,63,3,5751.49,7/5/2021,5,pasta
799,Gael Dumbleton,28,gdumbletonm6@house.gov,China,6,3,2955.81,2/20/2020,16,pasta
800,Kevon Duffit,46,kduffitm7@so-net.ne.jp,Indonesia,83,4,1928.73,8/20/2021,3,burger
801,Lauryn Bissatt,45,lbissattm8@yahoo.com,Argentina,73,5,5811.53,6/1/2020,4,pizza
802,Christian Burditt,34,cburdittm9@cbslocal.com,Brazil,16,4,21.34,4/20/2021,21,burger
803,Steffi Brindle,78,sbrindlema@upenn.edu,Indonesia,13,4,5867.69,5/22/2020,2,burger
804,Alric Ossenna,64,aossennamb@smugmug.com,Nigeria,94,3,1039.69,1/20/2020,15,pizza
805,Vincent Hadcock,42,vhadcockmc@sbwire.com,Ukraine,70,4,5196.55,9/25/2020,12,pasta
806,Jojo Saines,52,jsainesmd@ucoz.ru,China,51,1,9981.33,5/21/2021,8,pasta
807,Nathaniel Riddington,51,nriddingtonme@state.gov,Philippines,49,1,5676.17,7/21/2020,21,pizza
808,Aloysius Widd,70,awiddmf@huffingtonpost.com,Philippines,17,3,226.54,5/4/2021,24,burger
809,Gregoire McGriele,55,gmcgrielemg@cbsnews.com,Sudan,27,5,6866.73,1/27/2021,19,burger
810,Jaynell Taylo,84,jtaylomh@zdnet.com,United States,91,2,877.38,12/27/2021,10,burger
811,Flo Bugdell,85,fbugdellmi@parallels.com,Indonesia,28,1,8168.38,1/21/2021,23,burger
812,Ofella Almeida,33,oalmeidamj@google.co.uk,United Kingdom,96,3,751.4,5/12/2021,9,pizza
813,Drusi Whisson,34,dwhissonmk@princeton.edu,France,99,4,3267.5,11/24/2021,11,pizza
814,Donavon Wulfinger,77,dwulfingerml@hatena.ne.jp,China,80,1,6085.16,5/25/2021,23,pizza
815,Nissa Litton,82,nlittonmm@wufoo.com,Canada,7,5,9465.27,3/10/2021,8,pizza
816,Merle Celez,62,mcelezmn@arizona.edu,Brazil,25,2,3129.44,1/30/2020,15,pasta
817,Maud Shakespear,40,mshakespearmo@disqus.com,Philippines,79,2,3129.75,7/3/2020,9,burger
818,Marj Mansion,20,mmansionmp@deviantart.com,Cuba,28,5,8671.69,10/1/2020,20,pizza
819,Natalie Kerwin,63,nkerwinmq@state.gov,Indonesia,8,2,8473.51,1/29/2020,7,pizza
820,Tracie Bodman,53,tbodmanmr@altervista.org,China,48,2,2150.09,7/25/2021,19,burger
821,Rhonda Bjerkan,33,rbjerkanms@jimdo.com,Democratic Republic of the Congo,4,5,1260.15,4/5/2021,4,burger
822,Arleta Haddacks,81,ahaddacksmt@i2i.jp,China,34,3,1564.45,6/20/2020,11,pizza
823,Suzanna Treend,56,streendmu@vkontakte.ru,China,81,1,6736.74,8/9/2021,6,pasta
824,Pedro Clavering,78,pclaveringmv@dyndns.org,Poland,61,5,662.93,2/25/2021,20,burger
825,Kimberlyn Allatt,31,kallattmw@constantcontact.com,China,34,1,9104.44,7/25/2020,18,burger
826,Koralle Iiannone,79,kiiannonemx@umn.edu,Mexico,63,1,1543.23,9/20/2021,1,burger
827,Dev Ashmole,85,dashmolemy@oracle.com,East Timor,6,3,3161.61,10/11/2021,5,pizza
828,Adrianna Harker,31,aharkermz@indiatimes.com,France,88,3,4060.87,12/8/2020,2,burger
829,Delmor Seabrooke,50,dseabrooken0@tuttocitta.it,China,18,5,4986.91,2/27/2021,5,pasta
830,Nettle Lawlie,53,nlawlien1@chronoengine.com,Russia,5,4,7963.07,12/14/2020,8,burger
831,Maribeth Phipard-Shears,58,mphipardshearsn2@noaa.gov,Kyrgyzstan,73,5,6081.37,12/11/2020,15,pizza
832,Dotti Tousy,40,dtousyn3@newsvine.com,Indonesia,77,2,9995.48,2/29/2020,0,pizza
833,Maximilien Gooch,28,mgoochn4@woothemes.com,France,51,3,3943.68,5/8/2020,9,pasta
834,Alonzo Izaks,83,aizaksn5@dell.com,Portugal,10,3,3032.76,7/23/2021,5,pizza
835,Kassie Joinson,56,kjoinsonn6@hexun.com,China,58,1,8994.08,12/1/2020,4,pizza
836,Renado Waplington,59,rwaplingtonn7@wikimedia.org,Indonesia,57,1,2314.96,8/26/2021,22,pizza
837,Olwen Caustic,22,ocausticn8@dot.gov,Guatemala,21,3,3302.9,2/15/2020,1,pizza
838,Mitzi Paolacci,54,mpaolaccin9@soundcloud.com,Russia,99,2,8167.4,6/14/2020,14,burger
839,Evin Simondson,25,esimondsonna@furl.net,Indonesia,35,3,9581.69,2/2/2021,5,burger
840,Fernanda Kolak,85,fkolaknb@blogtalkradio.com,China,57,4,3103.53,2/2/2020,5,pasta
841,Gran Stubbeley,83,gstubbeleync@netvibes.com,Brazil,14,5,1945.78,10/19/2021,21,pizza
842,Kaja Yexley,60,kyexleynd@marketwatch.com,Philippines,26,2,8105.09,2/1/2021,6,pasta
843,Emmalee O'Connell,51,eoconnellne@freewebs.com,Bolivia,17,1,4567.41,2/10/2020,23,pizza
844,Antoine Delmage,26,adelmagenf@blogspot.com,Canada,20,4,508.04,1/10/2021,14,pasta
845,Rollo Prestwich,51,rprestwichng@drupal.org,China,80,3,628.36,1/18/2020,16,pizza
846,Gerome Balazin,64,gbalazinnh@shinystat.com,China,74,5,7758.49,3/23/2020,0,burger
847,Sammie Theodore,47,stheodoreni@unblog.fr,Dominican Republic,9,2,3994.34,5/15/2020,9,burger
848,Cassie Bomb,28,cbombnj@wired.com,Russia,47,3,2213.24,10/9/2021,11,pizza
849,Emera Swettenham,71,eswettenhamnk@europa.eu,Democratic Republic of the Congo,42,5,4588.81,12/8/2021,6,pizza
850,Cam Woodyer,38,cwoodyernl@github.io,Colombia,41,4,7044.78,3/13/2021,15,pasta
851,Marwin Owens,49,mowensnm@yahoo.com,South Africa,27,1,3340.92,7/21/2021,9,burger
852,Charita Ivashnikov,21,civashnikovnn@multiply.com,Ukraine,69,2,677.54,7/5/2021,8,burger
853,Marylou Escreet,66,mescreetno@google.es,China,49,4,44.14,5/2/2020,21,pizza
854,Alaine Rooney,46,arooneynp@newyorker.com,China,95,5,4432.29,11/28/2021,4,burger
855,Keely Van Leeuwen,62,kvannq@amazonaws.com,China,74,5,8165.16,1/9/2021,10,burger
856,Milzie Le Marquis,44,mlenr@google.fr,Belarus,6,3,5822.17,12/25/2020,11,pasta
857,Alvie Flay,57,aflayns@geocities.com,Kenya,16,1,1065.36,3/24/2020,10,pizza
858,Mora Noon,57,mnoonnt@desdev.cn,Saudi Arabia,23,5,9331.67,3/23/2020,21,pasta
859,Lorenza Trencher,44,ltrenchernu@cnn.com,China,26,2,1598.88,5/26/2020,21,burger
860,Marco Brunelli,31,mbrunellinv@uiuc.edu,Russia,30,5,3136.79,10/25/2020,10,pizza
861,Ludvig Virr,20,lvirrnw@pbs.org,Lithuania,20,5,2467.3,1/11/2020,21,pizza
862,Cosme Ferroli,46,cferrolinx@cbslocal.com,Egypt,17,1,7794.29,2/1/2021,1,pasta
863,Winna Demann,70,wdemannny@edublogs.org,Nicaragua,66,4,7380.85,3/13/2021,18,burger
864,Killian Facey,19,kfaceynz@scientificamerican.com,China,31,3,8427.26,1/2/2021,11,burger
865,Mareah Fear,29,mfearo0@cdc.gov,United States,11,3,4050.25,9/19/2020,3,pizza
866,Abigale Redbourn,41,aredbourno1@fastcompany.com,Poland,13,2,479.02,10/29/2021,1,pasta
867,Cati Windaybank,82,cwindaybanko2@wired.com,Jamaica,19,4,1064.71,8/1/2021,20,pizza
868,Harp Struijs,45,hstruijso3@csmonitor.com,Peru,48,2,7798.72,2/3/2020,15,pizza
869,Jenine Hanalan,47,jhanalano4@netvibes.com,Russia,11,4,7153.42,3/21/2021,18,pizza
870,Leena Hollyer,80,lhollyero5@discuz.net,China,81,4,8838.21,3/2/2020,12,burger
871,Pepe Cumpsty,71,pcumpstyo6@indiatimes.com,Canada,73,5,3718.99,5/13/2021,22,pasta
872,Gleda Halpeine,60,ghalpeineo7@wp.com,Portugal,86,4,8716.48,2/11/2020,10,pasta
873,Rosetta Veevers,26,rveeverso8@upenn.edu,France,57,2,3347.97,5/4/2020,12,pasta
874,Sharyl Winridge,60,swinridgeo9@facebook.com,Peru,69,1,5127.44,7/8/2021,0,burger
875,Freddy Marklin,66,fmarklinoa@soup.io,Serbia,31,4,4544.83,7/17/2021,7,pasta
876,Cam Caddy,40,ccaddyob@netvibes.com,Slovenia,6,3,6506.43,12/14/2021,17,pasta
877,Jemmy Credland,27,jcredlandoc@sciencedirect.com,China,90,2,9486.28,4/30/2020,0,burger
878,Murray Brandts,67,mbrandtsod@mozilla.com,Malaysia,67,3,66.98,6/14/2020,21,pasta
879,Linoel Fandrey,54,lfandreyoe@loc.gov,China,28,2,180.65,3/7/2021,0,burger
880,Karlyn Newbery,71,knewberyof@furl.net,Indonesia,86,2,5755.17,2/11/2020,11,pizza
881,Pierce Sher,31,psherog@mayoclinic.com,Colombia,22,2,5691.91,12/14/2020,8,pizza
882,Beltran Paz,27,bpazoh@zdnet.com,Philippines,33,5,3320.5,1/27/2021,13,pasta
883,Jilly Keneford,60,jkenefordoi@europa.eu,France,37,2,9895.45,2/12/2020,7,pizza
884,Theodosia Aylwin,69,taylwinoj@themeforest.net,Finland,13,2,5102.26,5/26/2021,17,burger
885,Doy Bosward,41,dboswardok@who.int,China,95,2,2318.08,9/30/2021,19,pizza
886,Lauritz O'Shavlan,34,loshavlanol@wikispaces.com,Bosnia and Herzegovina,23,4,9150.67,7/5/2021,22,pizza
887,Libbie Brasseur,26,lbrasseurom@vkontakte.ru,China,55,2,589.29,3/23/2020,23,pasta
888,Vonni Keller,22,vkelleron@tripod.com,Canada,72,3,4158.7,6/25/2020,1,burger
889,Rafe Tryme,46,rtrymeoo@ted.com,Poland,64,5,8802.14,10/5/2020,2,burger
890,Mona Kornacki,18,mkornackiop@mozilla.org,Serbia,80,2,7978.52,10/18/2020,4,pasta
891,Archy Dellenbrook,75,adellenbrookoq@chronoengine.com,Russia,25,4,2501.44,4/5/2021,17,pasta
892,Verna Vankeev,33,vvankeevor@360.cn,United Kingdom,90,2,1642.2,12/13/2021,17,pasta
893,Genny Riediger,85,griedigeros@dot.gov,China,86,2,7373.04,6/26/2020,1,pizza
894,Tyler Hurlestone,58,thurlestoneot@uol.com.br,Philippines,14,4,8144.33,5/5/2021,11,pasta
895,Keir Chetter,31,kchetterou@webs.com,Philippines,97,4,3033.69,8/6/2021,23,burger
896,Zolly Maffeo,50,zmaffeoov@theguardian.com,Morocco,75,1,810.34,11/30/2021,3,pizza
897,Alix Spira,28,aspiraow@discuz.net,Russia,89,4,5331.32,1/17/2021,12,burger
898,Avigdor Bleaden,48,ableadenox@ucsd.edu,China,98,1,5609.26,3/28/2020,2,pizza
899,Allis Sitlington,74,asitlingtonoy@house.gov,Pakistan,48,4,4102.89,12/22/2021,14,burger
900,Ford Davidovich,23,fdavidovichoz@pagesperso-orange.fr,China,30,3,4420.69,8/29/2021,4,pizza
901,Deeyn Fulloway,55,dfullowayp0@de.vu,Vietnam,49,2,5036.23,6/21/2021,5,burger
902,Pietrek Spooner,49,pspoonerp1@desdev.cn,Russia,20,3,4392.64,9/11/2020,10,burger
903,Kean Saladin,55,ksaladinp2@gov.uk,Serbia,11,2,3918.86,4/13/2020,2,burger
904,Blake Leidl,22,bleidlp3@epa.gov,China,53,5,6410.56,5/30/2021,11,pizza
905,Charla Goodchild,57,cgoodchildp4@soundcloud.com,Thailand,62,3,6657.3,5/20/2021,19,pizza
906,Eadmund Smogur,54,esmogurp5@newyorker.com,Nepal,1,2,8077.51,2/13/2020,12,pizza
907,Cherilyn Beringer,39,cberingerp6@economist.com,Indonesia,70,5,1841.1,3/20/2020,2,pizza
908,Kit Stranio,33,kstraniop7@hugedomains.com,Brazil,48,4,9692.15,8/16/2021,7,burger
909,Linoel Vesque,73,lvesquep8@home.pl,Brazil,36,3,3778.82,8/11/2020,2,pasta
910,Dasi Simonato,66,dsimonatop9@wix.com,Poland,21,5,4420.81,12/12/2021,5,pasta
911,Megan Spickett,78,mspickettpa@spiegel.de,Japan,87,2,6554.47,10/30/2020,18,burger
912,Boone Skellington,85,bskellingtonpb@odnoklassniki.ru,Greece,23,5,8006.8,7/6/2021,7,pizza
913,Maisey Wharby,69,mwharbypc@csmonitor.com,Finland,42,1,5910.49,5/30/2020,24,pasta
914,Gannon Gres,78,ggrespd@ox.ac.uk,China,13,2,1473.66,3/7/2020,9,pizza
915,Devy Connechie,53,dconnechiepe@jimdo.com,Thailand,3,1,8554.74,8/16/2021,22,burger
916,Gallagher Garton,22,ggartonpf@instagram.com,China,86,4,7771.36,2/23/2021,24,burger
917,Ollie Jaffra,75,ojaffrapg@apple.com,Colombia,56,2,2988.78,11/11/2020,10,pasta
918,Reyna Corran,64,rcorranph@europa.eu,Thailand,78,2,7289.33,2/8/2020,13,pizza
919,Fredia Pepi,35,fpepipi@blogspot.com,Indonesia,95,1,7556.0,1/1/2020,20,pasta
920,Zacharie Orsi,33,zorsipj@cmu.edu,Indonesia,80,5,8101.36,8/10/2021,11,pizza
921,Farrell Sikorsky,52,fsikorskypk@omniture.com,China,24,4,9287.7,6/11/2020,21,pizza
922,Adrianne McGebenay,42,amcgebenaypl@cbslocal.com,Portugal,49,1,8246.52,3/8/2021,24,burger
923,Sam Rapaport,38,srapaportpm@vk.com,Russia,4,4,5774.18,4/7/2021,20,pasta
924,Sigismond Houtby,18,shoutbypn@weibo.com,Philippines,55,3,8327.83,3/23/2021,19,burger
925,Marisa Kleynen,82,mkleynenpo@symantec.com,Australia,37,2,2089.63,8/7/2020,16,burger
926,Tessie de Villier,63,tdepp@studiopress.com,United States,58,5,3475.53,4/25/2021,14,burger
927,Merle Tison,59,mtisonpq@1und1.de,Sweden,88,3,5916.19,10/27/2020,21,burger
928,Francyne Costigan,44,fcostiganpr@cnbc.com,Poland,61,1,23.99,4/16/2021,14,pasta
929,Bert Cowderay,50,bcowderayps@nsw.gov.au,Sweden,3,5,8609.21,3/2/2020,16,pizza
930,Mariam Gerardeaux,48,mgerardeauxpt@example.com,Chile,24,5,9373.67,8/3/2021,3,pasta
931,Yulma Calfe,69,ycalfepu@smh.com.au,Vietnam,3,1,9158.34,10/10/2021,8,pasta
932,Powell Bennellick,31,pbennellickpv@google.com.hk,Poland,10,3,1926.01,11/14/2021,1,pasta
933,Deloris O'Sharry,51,dosharrypw@fema.gov,Indonesia,14,5,1375.48,3/11/2021,1,pizza
934,Julina Bresland,74,jbreslandpx@wunderground.com,Afghanistan,25,4,5533.48,2/27/2021,6,pasta
935,Gloriana Mc Grath,66,gmcpy@t.co,Canada,8,5,8327.65,8/11/2021,10,burger
936,Shurlock Semonin,22,ssemoninpz@dyndns.org,United States,21,2,8696.54,11/23/2021,2,pizza
937,Luciano Cantopher,27,lcantopherq0@nifty.com,China,13,4,8860.46,8/26/2021,6,pasta
938,Tracey Kennard,44,tkennardq1@desdev.cn,Indonesia,96,1,5923.56,5/18/2020,8,burger
939,Zebedee Mangham,22,zmanghamq2@engadget.com,Portugal,15,1,2930.11,6/30/2020,19,burger
940,Spike Cheak,55,scheakq3@wix.com,China,99,5,248.29,11/23/2021,21,pasta
941,Wyn Beyne,45,wbeyneq4@google.com,France,57,4,650.77,1/2/2021,18,pasta
942,Valera Neilly,81,vneillyq5@ebay.co.uk,Mexico,84,5,358.54,10/3/2020,23,pasta
943,Beverie MacCaig,22,bmaccaigq6@ibm.com,China,86,2,1144.01,10/8/2020,8,pasta
944,Norrie Sneaker,38,nsneakerq7@google.nl,Mongolia,74,5,7953.55,1/12/2021,5,pasta
945,Lorrie Fritche,23,lfritcheq8@wix.com,Peru,50,1,181.5,7/24/2021,5,pasta
946,Elston Giacomo,47,egiacomoq9@yandex.ru,France,19,4,7251.16,12/21/2020,0,pizza
947,Phillip Voaden,31,pvoadenqa@dropbox.com,Philippines,81,3,4562.07,3/22/2020,24,burger
948,Zaria Heald,62,zhealdqb@clickbank.net,Egypt,76,3,2019.4,9/4/2020,19,burger
949,Dorisa Coumbe,20,dcoumbeqc@google.de,China,75,2,5070.69,8/15/2021,24,pizza
950,Babb Le - Count,27,bleqd@pen.io,Indonesia,83,3,2504.1,8/24/2021,17,pizza
951,Ursola O' Cuolahan,36,uoqe@reverbnation.com,United States,33,3,5482.09,10/15/2021,20,burger
952,Laney Wilce,83,lwilceqf@ask.com,Portugal,82,2,4260.91,10/10/2021,23,burger
953,Paddy Theuff,58,ptheuffqg@lulu.com,China,20,3,5043.54,12/20/2020,4,burger
954,Ashely Pummery,40,apummeryqh@free.fr,Tajikistan,94,1,832.91,9/25/2020,20,pizza
955,Alain McEllen,69,amcellenqi@ebay.com,Egypt,93,1,3593.67,8/11/2020,2,burger
956,Patrice Gorcke,80,pgorckeqj@cocolog-nifty.com,Brazil,31,1,638.26,2/20/2021,9,burger
957,Brook Elsley,45,belsleyqk@parallels.com,Brazil,35,5,9722.48,4/9/2021,21,burger
958,Sally Petit,21,spetitql@hc360.com,China,36,3,1508.19,9/13/2020,18,burger
959,Almire Banford,31,abanfordqm@hc360.com,Portugal,90,1,8841.19,2/5/2020,7,burger
960,Austin Spedroni,23,aspedroniqn@jigsy.com,Colombia,2,1,7189.93,1/24/2021,1,burger
961,Dave Pencot,52,dpencotqo@reddit.com,Russia,93,5,533.21,2/16/2020,24,burger
962,Winnie Harpham,31,wharphamqp@reverbnation.com,Philippines,37,1,6269.73,5/31/2020,2,pasta
963,Engelbert Gilfoy,35,egilfoyqq@google.ru,Canada,45,2,2383.74,6/10/2020,21,pizza
964,Krissy Pounds,39,kpoundsqr@dyndns.org,Canada,26,5,7819.96,4/18/2020,4,burger
965,Callie Leiden,82,cleidenqs@free.fr,Indonesia,19,1,2124.09,11/22/2021,18,pasta
966,Dory Buxam,20,dbuxamqt@amazon.co.jp,Czech Republic,41,2,5456.15,12/23/2021,3,burger
967,Layne Hollebon,28,lhollebonqu@sogou.com,Thailand,87,5,9165.08,1/28/2020,18,pasta
968,Fey Vines,73,fvinesqv@youtu.be,Brazil,30,1,977.41,1/7/2020,10,pasta
969,Sylvester Salzberg,31,ssalzbergqw@cmu.edu,Argentina,35,1,9384.62,1/17/2021,9,pasta
970,Michal Terrans,30,mterransqx@gizmodo.com,China,31,1,9483.87,8/17/2021,6,pasta
971,Winne Izard,63,wizardqy@privacy.gov.au,Indonesia,18,4,3148.6,2/20/2020,13,burger
972,Stafford Heifer,66,sheiferqz@usatoday.com,Poland,94,2,4901.4,12/30/2021,1,pizza
973,Nevins Bankes,81,nbankesr0@cnn.com,Portugal,99,3,4011.29,10/30/2020,11,burger
974,Colleen Cobbled,42,ccobbledr1@msu.edu,Philippines,8,5,1334.1,10/23/2021,15,pasta
975,Alberik Mish,50,amishr2@home.pl,China,24,2,5643.34,5/28/2020,4,burger
976,Carrie Muckeen,34,cmuckeenr3@homestead.com,China,41,1,5487.88,6/7/2020,22,pasta
977,Silas Whitloe,34,swhitloer4@ustream.tv,Indonesia,72,5,7965.48,2/19/2020,19,pizza
978,Brooke Maneylaws,54,bmaneylawsr5@msn.com,Thailand,34,2,2874.46,12/14/2020,11,pizza
979,Hobard MacGinlay,70,hmacginlayr6@miibeian.gov.cn,Indonesia,1,2,8515.56,12/21/2021,3,burger
980,Jehanna Leeming,65,jleemingr7@over-blog.com,Azerbaijan,93,1,5413.47,7/20/2021,19,burger
981,Kristan Pulman,60,kpulmanr8@nps.gov,China,94,4,4071.63,9/8/2021,1,burger
982,Effie Rubinowitch,57,erubinowitchr9@google.ru,Russia,24,5,7624.12,7/26/2021,20,pasta
983,Mabel Doveston,62,mdovestonra@ebay.com,Norway,8,3,9027.34,9/16/2020,20,burger
984,Glad Bogeys,20,gbogeysrb@cisco.com,Canada,12,1,1480.35,4/13/2021,22,pizza
985,Dayle Cable,19,dcablerc@free.fr,Indonesia,28,3,4882.31,11/17/2020,6,pasta
986,Forrest Trebbett,18,ftrebbettrd@theguardian.com,China,23,3,8949.99,11/1/2020,3,burger
987,Jo-ann Warrell,67,jwarrellre@ucoz.ru,Brazil,19,2,9376.77,6/21/2020,15,pasta
988,Gwynne Gaisford,29,ggaisfordrf@wp.com,Portugal,72,2,865.22,3/30/2020,23,pizza
989,Addia Matyushenko,30,amatyushenkorg@netvibes.com,Philippines,63,2,1835.37,2/10/2020,10,pizza
990,Joscelin Higginbottam,58,jhigginbottamrh@apache.org,Czech Republic,1,1,2738.9,2/19/2021,5,burger
991,Kale Milillo,55,kmilillori@nih.gov,Finland,54,5,5315.87,9/13/2021,9,burger
992,Nicol Glasgow,41,nglasgowrj@narod.ru,Brazil,34,2,2382.85,12/16/2021,24,burger
993,Laurena Fouldes,73,lfouldesrk@hatena.ne.jp,Portugal,95,2,4436.98,11/25/2021,14,pizza
994,Yuri Oldred,57,yoldredrl@npr.org,Argentina,72,3,5932.54,5/26/2021,3,burger
995,Annaliese Filyushkin,72,afilyushkinrm@creativecommons.org,Peru,64,3,3658.04,6/6/2021,16,burger
996,Reeba Duffit,76,rduffitrn@whitehouse.gov,China,46,3,6468.7,9/26/2020,6,pasta
997,Lannie Gorges,30,lgorgesro@creativecommons.org,China,94,3,8327.01,6/4/2021,8,pasta
998,Teri Dackombe,63,tdackomberp@ning.com,Indonesia,94,2,154.28,11/14/2020,5,pasta
999,Hew Morley,49,hmorleyrq@irs.gov,China,34,3,7290.56,11/14/2020,21,pasta
1000,Anderea Ferber,47,aferberrr@tripadvisor.com,Indonesia,36,4,8262.21,7/3/2020,21,pizza
