customer_id,customer_name,age,email,country,postal_code,feedback_rating,sales_amount,visit_date,visit_time,favorite_dish
1,Margarette Klaas,35,mklaas0@privacy.gov.au,China,,2,5639.21,6/1/2021,19,burger
2,Kirstyn Malling,59,kmalling1@state.tx.us,Norway,0315,2,6432.14,3/17/2021,12,burger
3,Keslie Greenlees,30,kgreenlees2@bbb.org,Italy,00163,2,1764.22,6/17/2021,24,burger
4,Glori Jeandel,41,gjeandel3@timesonline.co.uk,China,,5,8274.22,4/27/2021,12,burger
5,Brendis de Marco,67,bde4@shop-pro.jp,Uganda,,4,8729.64,11/20/2020,18,pizza
6,Nikki Kew,74,nkew5@typepad.com,Indonesia,,1,4508.35,11/23/2020,18,burger
7,Lucine Core,44,lcore6@github.com,South Africa,2680,5,3361.64,11/14/2021,5,burger
8,Quincy Harmond,72,qharmond7@vimeo.com,Sweden,268 90,4,8761.8,4/21/2020,24,burger
9,Trevar Schule,76,tschule8@google.de,Brazil,62900-000,3,8441.78,11/25/2020,14,pasta
10,Deva Arkwright,21,darkwright9@gnu.org,Slovenia,4274,4,6624.33,4/5/2020,22,pizza
11,Lorne Whannel,28,lwhannela@etsy.com,Philippines,7203,5,1420.22,10/9/2021,6,pizza
12,Lorianne Cristoforetti,40,lcristoforettib@opensource.org,Nigeria,,2,9101.86,12/21/2021,21,pasta
13,Amelia Haynesford,30,ahaynesfordc@smh.com.au,China,,5,734.62,1/14/2021,21,pasta
14,Diena Curston,42,dcurstond@dailymail.co.uk,Czech Republic,382 76,1,7326.86,6/16/2020,6,pasta
15,Theodora Drage,85,tdragee@deviantart.com,Ukraine,,5,9477.59,1/14/2020,4,pasta
16,Nicolas Jull,51,njullf@studiopress.com,Nepal,,2,3490.02,6/9/2021,4,pizza
17,Kent Gowland,63,kgowlandg@sina.com.cn,Poland,46-250,5,4840.58,8/17/2020,3,pizza
18,Patrice Sanney,84,psanneyh@topsy.com,Sweden,141 05,1,6535.86,4/25/2021,13,pasta
19,Trey Malan,40,tmalani@kickstarter.com,Finland,97701,2,1794.22,9/5/2021,7,pizza
20,Krispin MacIntyre,26,kmacintyrej@yelp.com,Philippines,2101,1,288.77,8/19/2021,2,pizza
21,Catina Fairleigh,25,cfairleighk@google.fr,Indonesia,,2,6631.71,12/10/2020,0,burger
22,Marijn Bartos,44,mbartosl@biglobe.ne.jp,Iceland,650,2,3595.34,6/6/2021,10,pasta
23,Gabi Ginnaly,52,gginnalym@de.vu,Nigeria,,5,8017.69,9/10/2020,6,pasta
24,Buddie Stoppe,58,bstoppen@nymag.com,Greece,,3,2811.51,8/20/2021,18,pasta
25,Alasdair Staries,48,astarieso@dedecms.com,Macedonia,1234,3,162.45,1/11/2021,7,pizza
26,Christa Ricardon,38,cricardonp@scribd.com,China,,3,2068.3,3/10/2021,0,burger
27,Bayard Gobel,57,bgobelq@java.com,Mongolia,,2,4833.31,11/22/2020,6,pasta
28,Claribel Benezeit,42,cbenezeitr@homestead.com,Indonesia,,5,1030.59,10/3/2020,13,pasta
29,Jessalin Shakle,60,jshakles@example.com,Russia,456811,3,3163.91,7/8/2020,18,burger
30,Aeriel Espy,61,aespyt@intel.com,United States,45426,1,8418.53,10/24/2020,16,pasta
31,Kayne Rochewell,21,krochewellu@businessweek.com,China,,3,3380.65,4/15/2020,4,pasta
32,Ly De Dei,41,ldev@cnbc.com,Thailand,86000,3,3868.44,9/24/2021,23,burger
33,Rosa Berthouloume,43,rberthouloumew@sitemeter.com,Indonesia,,4,4342.17,4/5/2020,15,burger
34,Adrea Dallyn,42,adallynx@google.com.au,Peru,,4,7211.46,6/14/2021,24,pasta
35,Correy Findon,74,cfindony@europa.eu,Colombia,083010,5,6653.24,3/2/2020,22,pizza
36,Winni Murty,38,wmurtyz@ifeng.com,Russia,185035,5,8721.17,8/27/2020,11,burger
37,Willdon Pierri,24,wpierri10@msn.com,China,,3,5490.82,10/22/2021,19,pasta
38,Oralle Pratton,54,opratton11@go.com,France,33100,4,1607.26,3/6/2021,4,pizza
39,Gradey Daffey,40,gdaffey12@ycombinator.com,Argentina,4178,1,3124.09,3/19/2021,10,pasta
40,Lona Spink,31,lspink13@nsw.gov.au,Poland,62-031,4,8184.11,8/1/2020,21,burger
41,Ludovika Clapperton,84,lclapperton14@plala.or.jp,Indonesia,,5,9824.27,10/29/2021,1,burger
42,Anatol Delacoste,84,adelacoste15@npr.org,Indonesia,,4,5626.27,10/4/2020,24,pasta
43,Stormi Bogart,47,sbogart16@earthlink.net,El Salvador,,5,7118.03,3/15/2021,22,pizza
44,Salomi Ovanesian,65,sovanesian17@wikipedia.org,Panama,,1,1176.51,8/26/2020,13,burger
45,Joya Corragan,21,jcorragan18@about.me,Philippines,3119,4,8321.28,4/26/2020,1,pizza
46,Jo Tootal,26,jtootal19@nba.com,Portugal,4905-074,1,8030.78,6/21/2020,14,burger
47,Tristam Ivanisov,39,tivanisov1a@cpanel.net,Mexico,59762,2,9476.92,2/8/2021,22,pizza
48,Kimberli Baynton,76,kbaynton1b@nytimes.com,Japan,993-0075,2,8002.82,4/23/2021,5,pasta
49,Wang Ramble,50,wramble1c@drupal.org,South Africa,1916,5,3679.27,8/28/2021,20,pizza
50,Kingston Dionisii,26,kdionisii1d@shop-pro.jp,Sri Lanka,11830,3,2414.25,3/3/2020,13,pasta
51,Wilek Ambrosoni,51,wambrosoni1e@japanpost.jp,Cuba,,4,4076.89,4/19/2021,20,pasta
52,Genny Lightwing,81,glightwing1f@unc.edu,South Africa,1933,2,1092.53,1/28/2021,15,pasta
53,Alvy Ladon,22,aladon1g@clickbank.net,France,17209 CEDEX,4,7713.03,12/23/2021,15,burger
54,Thorndike Sherringham,37,tsherringham1h@qq.com,Philippines,9201,4,9107.99,2/26/2021,0,pizza
55,Marieann Tighe,56,mtighe1i@un.org,Russia,678831,2,9541.94,6/12/2021,5,pasta
56,Charla Ciobutaru,82,cciobutaru1j@bbb.org,China,,1,1123.86,5/30/2021,18,pizza
57,Ulrica Voller,70,uvoller1k@google.nl,Ethiopia,,5,5247.91,12/25/2020,1,pizza
58,Garald Ghidini,40,gghidini1l@instagram.com,Greece,,1,779.71,6/17/2021,7,burger
59,Zebedee Owers,80,zowers1m@nih.gov,Netherlands,1814,4,2982.74,6/10/2021,9,burger
60,Etan Piller,69,epiller1n@mozilla.com,Japan,981-4305,1,6324.51,12/27/2021,21,burger
61,Timmie Herley,41,therley1o@dot.gov,Croatia,53260,3,7707.14,6/23/2020,3,pasta
62,Gary Moulton,33,gmoulton1p@xrea.com,Ukraine,,2,8911.31,4/4/2020,2,burger
63,Wye Millson,27,wmillson1q@mail.ru,Philippines,3303,2,677.95,7/27/2021,17,pasta
64,Hazel Hatherley,24,hhatherley1r@princeton.edu,South Korea,,1,4076.87,2/13/2020,15,burger
65,Stefa Haslewood,69,shaslewood1s@washington.edu,Argentina,7223,5,7770.51,11/25/2020,14,burger
66,Ky Lymer,32,klymer1t@bizjournals.com,Philippines,8307,4,6081.1,5/21/2021,21,burger
67,Elberta Asmus,59,easmus1u@dailymotion.com,Philippines,6405,1,1486.16,6/4/2020,19,burger
68,Josepha Earpe,19,jearpe1v@msu.edu,Indonesia,,4,6403.92,5/9/2020,18,burger
69,Nessie Stappard,63,nstappard1w@disqus.com,Poland,34-142,3,971.58,6/5/2020,1,burger
70,Magdaia Leman,61,mleman1x@elegantthemes.com,Sweden,403 13,5,7270.9,2/12/2021,7,pasta
71,Rosemary Crosfeld,27,rcrosfeld1y@odnoklassniki.ru,Portugal,2070-305,4,2159.0,7/30/2020,18,pizza
72,Jamison Ashling,53,jashling1z@wsj.com,France,81017 CEDEX 9,4,8206.53,11/15/2020,11,burger
73,Vern Thackham,81,vthackham20@pagesperso-orange.fr,Indonesia,,1,78.72,11/11/2020,4,burger
74,Lillian Kalinsky,82,lkalinsky21@utexas.edu,China,,5,5082.46,1/13/2021,14,pizza
75,Dahlia Gallaway,33,dgallaway22@blogspot.com,Japan,999-4201,4,6976.36,11/30/2021,15,pizza
76,Orelle Brant,46,obrant23@vistaprint.com,Palau,,2,606.42,1/5/2021,20,pasta
77,Alisander Saphir,26,asaphir24@tuttocitta.it,South Africa,0557,3,7209.69,11/7/2020,9,pizza
78,Guillema Doughton,55,gdoughton25@prweb.com,Armenia,,4,4833.54,10/28/2021,22,pasta
79,Kathlin Cassells,20,kcassells26@statcounter.com,China,,4,2233.47,4/27/2020,6,pasta
80,Luigi Want,31,lwant27@privacy.gov.au,China,,2,9193.56,5/25/2021,19,pasta
81,Celisse Jemmett,77,cjemmett28@flickr.com,Philippines,5401,4,8677.39,7/26/2021,17,burger
82,Arvy Adlam,42,aadlam29@theglobeandmail.com,China,,2,8604.75,8/25/2020,9,pasta
83,Lexine Plumer,61,lplumer2a@apache.org,Slovenia,2310,2,6684.4,3/27/2020,20,pasta
84,Dorothea Ties,84,dties2b@hao123.com,Gambia,,4,9976.03,11/4/2020,19,burger
85,Clyde Peyro,47,cpeyro2c@wiley.com,Poland,37-723,5,4484.27,6/14/2020,7,burger
86,Jamill Sollowaye,82,jsollowaye2d@scribd.com,France,61891 CEDEX 9,5,3196.29,8/29/2020,23,pizza
87,Udell Demongeot,81,udemongeot2e@fotki.com,Yemen,,5,5207.16,6/19/2021,20,pasta
88,Orton Bolden,79,obolden2f@nifty.com,Indonesia,,3,8033.13,6/10/2020,8,pasta
89,Cahra Shyres,54,cshyres2g@ca.gov,Russia,694630,1,3432.89,12/24/2021,9,pizza
90,Vinson Wynrehame,26,vwynrehame2h@mlb.com,Tanzania,,1,7382.36,11/2/2021,20,burger
91,Drusi Horbart,27,dhorbart2i@army.mil,Tanzania,,3,3124.45,1/7/2021,19,burger
92,Billy Tongue,35,btongue2j@dailymail.co.uk,China,,5,8503.1,2/17/2020,9,pasta
93,Prue Antognazzi,19,pantognazzi2k@howstuffworks.com,Russia,646130,1,9958.26,8/1/2021,21,pizza
94,Oliver Treneman,48,otreneman2l@instagram.com,Philippines,7010,5,8990.35,7/10/2021,5,pasta
95,Franky Chubb,71,fchubb2m@ucsd.edu,Indonesia,,3,292.65,3/5/2020,15,pasta
96,Mata Parkisson,63,mparkisson2n@senate.gov,Colombia,175038,1,174.14,6/12/2020,10,pasta
97,Richmound Yeatman,59,ryeatman2o@tmall.com,China,,3,5390.97,10/24/2021,21,burger
98,Norry Spellecy,36,nspellecy2p@instagram.com,Afghanistan,,2,9790.86,9/20/2020,22,pizza
99,Gillie Davison,70,gdavison2q@mysql.com,Honduras,,2,4291.06,8/29/2020,17,pizza
100,Sheelah McConnel,76,smcconnel2r@infoseek.co.jp,Russia,423555,2,243.62,7/6/2020,9,pizza
101,Hamish Luckey,85,hluckey2s@meetup.com,Japan,663-8247,1,3620.02,8/14/2021,22,pizza
102,Nanny How to preserve,51,nhow2t@mozilla.com,Nigeria,,2,1141.1,9/23/2021,12,burger
103,Olly Hirthe,33,ohirthe2u@samsung.com,China,,2,3231.88,4/30/2021,17,burger
104,Alyss Freshwater,43,afreshwater2v@biglobe.ne.jp,Kazakhstan,,4,7113.7,7/14/2021,10,pizza
105,Benjamin Sherwood,20,bsherwood2w@mlb.com,Philippines,8407,1,4426.82,8/20/2021,17,pizza
106,Ferdinande Janks,46,fjanks2x@ed.gov,Thailand,93120,5,8449.15,7/30/2020,4,pasta
107,Eugenius Margerrison,39,emargerrison2y@jiathis.com,China,,3,1725.22,10/31/2020,24,pasta
108,Nonnah Gross,46,ngross2z@sbwire.com,Iran,,1,3925.45,8/1/2021,23,pasta
109,Ivy Souter,27,isouter30@lycos.com,Gabon,,3,9372.8,6/23/2021,4,pasta
110,Ellynn Roalfe,74,eroalfe31@census.gov,Indonesia,,1,796.7,9/20/2021,5,pasta
111,Humberto Uvedale,73,huvedale32@prnewswire.com,China,,3,6540.73,8/23/2021,2,pasta
112,Silva Weeke,78,sweeke33@privacy.gov.au,Ecuador,,3,3076.76,10/19/2020,11,pizza
113,Abbey Randal,39,arandal34@squarespace.com,China,,3,4544.36,2/29/2020,14,pizza
114,Arlan Brockelsby,71,abrockelsby35@sakura.ne.jp,Belarus,,5,351.48,6/12/2021,23,burger
115,Denny Sansam,72,dsansam36@printfriendly.com,Brazil,69970-000,4,9707.01,6/20/2020,9,pizza
116,Paulie William,46,pwilliam37@businessinsider.com,Belgium,9404,4,6588.98,10/13/2021,11,burger
117,Annmaria MacKellar,20,amackellar38@mozilla.com,Portugal,6090-075,1,7445.31,1/12/2021,2,pasta
118,Mord Caird,23,mcaird39@mediafire.com,China,,2,3460.94,2/13/2020,21,burger
119,Josiah Fifield,31,jfifield3a@vinaora.com,Canada,J6S,5,7651.07,1/30/2020,13,burger
120,Herc Poltun,25,hpoltun3b@home.pl,Portugal,3060-816,1,5922.94,12/28/2020,8,burger
121,Nathalia Arkill,53,narkill3c@last.fm,Indonesia,,5,8423.94,9/9/2021,11,burger
122,Parsifal Curston,37,pcurston3d@usatoday.com,China,,5,7498.16,12/29/2020,10,burger
123,Marcela Roadknight,30,mroadknight3e@indiatimes.com,Finland,14201,5,7348.66,1/11/2021,15,pizza
124,Cherri Baudy,18,cbaudy3f@quantcast.com,Vietnam,,1,24.88,11/16/2020,5,burger
125,Marie Turmall,64,mturmall3g@epa.gov,Sweden,701 48,2,1090.59,8/28/2020,8,pasta
126,Anthony Lambal,74,alambal3h@storify.com,Bhutan,,5,5215.42,3/26/2020,13,burger
127,Arlene Arundel,28,aarundel3i@spotify.com,Albania,,2,7729.53,3/3/2021,3,pizza
128,Judi Yitzhak,60,jyitzhak3j@desdev.cn,France,16919 CEDEX 9,3,8635.75,10/18/2020,21,pizza
129,Eirena Stidson,78,estidson3k@de.vu,Brazil,89820-000,2,917.28,2/13/2021,15,burger
130,Dene Kerbler,70,dkerbler3l@acquirethisname.com,Peru,,3,3440.72,1/1/2020,2,pizza
131,Magda Stormonth,49,mstormonth3m@unesco.org,Colombia,081048,2,3986.1,10/19/2021,22,pasta
132,Perle Voice,51,pvoice3n@narod.ru,China,,1,6265.97,5/30/2021,5,pizza
133,Trescha Pawel,54,tpawel3o@google.nl,Bahamas,,5,8218.79,1/12/2021,1,pizza
134,Marion Trengrouse,25,mtrengrouse3p@mapy.cz,Sweden,621 75,3,3921.17,11/30/2020,23,pizza
135,Erl Iacovelli,72,eiacovelli3q@cnet.com,Czech Republic,364 01,1,359.96,10/22/2020,22,pasta
136,Celestine Ondrusek,47,condrusek3r@blogs.com,Greece,,5,2854.44,10/17/2020,4,burger
137,Bobette Calafato,50,bcalafato3s@chicagotribune.com,Brazil,11630-000,5,3831.98,11/17/2020,3,burger
138,Percy Machel,18,pmachel3t@instagram.com,Canada,T4H,5,2920.14,7/28/2021,19,pizza
139,Gerald Mouton,35,gmouton3u@discovery.com,Russia,368156,1,1227.19,6/5/2021,9,pasta
140,Cybill Tampion,44,ctampion3v@phoca.cz,Peru,,1,32.35,7/12/2021,18,burger
141,Lilly Cacacie,49,lcacacie3w@dyndns.org,China,,1,4076.54,4/6/2020,18,burger
142,Faith Sadler,74,fsadler3x@who.int,China,,5,1653.84,3/8/2021,14,pizza
143,Priscella Allwell,19,pallwell3y@wikipedia.org,Indonesia,,2,9794.7,6/2/2021,0,pasta
144,Antonia Medeway,18,amedeway3z@slideshare.net,Argentina,6309,1,3298.15,3/12/2021,5,pasta
145,Willdon Dollin,40,wdollin40@merriam-webster.com,Japan,981-4121,5,3409.17,9/7/2021,4,burger
146,Chas Walkowski,35,cwalkowski41@domainmarket.com,China,,3,5720.2,7/24/2020,12,burger
147,Hally Marmon,50,hmarmon42@tmall.com,Cuba,,2,3892.53,7/1/2021,14,pizza
148,Lynnea Kohen,78,lkohen43@hud.gov,China,,2,7724.15,10/29/2020,15,pizza
149,Yuri Malley,20,ymalley44@typepad.com,Senegal,,5,262.53,1/5/2020,12,burger
150,Editha Veld,37,eveld45@furl.net,Rwanda,,3,4922.36,4/29/2020,23,pizza
151,Carroll MacCrosson,66,cmaccrosson46@photobucket.com,Ecuador,,5,2163.03,10/14/2020,11,burger
152,Tonnie Fleeming,84,tfleeming47@seattletimes.com,Libya,,5,1784.65,2/26/2020,1,pasta
153,Zacharia Jeves,23,zjeves48@prweb.com,China,,3,6756.12,7/25/2020,22,pasta
154,Johannah Blabey,29,jblabey49@oracle.com,China,,3,840.0,12/7/2020,7,pasta
155,Saw Sayse,53,ssayse4a@si.edu,Indonesia,,4,427.46,12/30/2021,5,pizza
156,Ephrem D'Abbot-Doyle,71,edabbotdoyle4b@ycombinator.com,Poland,86-105,5,9538.92,5/9/2020,2,burger
157,Grete Holbarrow,31,gholbarrow4c@meetup.com,Japan,937-0814,2,5136.5,12/23/2020,12,burger
158,Jodi Licas,80,jlicas4d@yale.edu,Argentina,3100,5,7786.66,9/24/2020,15,pizza
159,Joana Burchatt,71,jburchatt4e@chron.com,China,,5,2870.29,12/4/2020,21,burger
160,Lawry Hyndson,33,lhyndson4f@privacy.gov.au,Haiti,,5,566.04,3/11/2021,2,pizza
161,Omero aManger,79,oamanger4g@webeden.co.uk,Paraguay,,1,6812.67,5/13/2020,1,pizza
162,Byran Jaggs,53,bjaggs4h@dyndns.org,Pakistan,68220,2,3451.89,7/24/2021,23,pizza
163,Warde McPheat,58,wmcpheat4i@bloomberg.com,China,,5,9115.38,11/22/2020,23,burger
164,Hazel Capps,69,hcapps4j@arstechnica.com,China,,2,2452.95,7/16/2020,12,pasta
165,Homer Indge,24,hindge4k@cornell.edu,Brazil,86180-000,4,7028.96,3/21/2020,12,burger
166,Carolus Bellam,35,cbellam4l@seesaa.net,Russia,188668,4,2508.92,10/1/2021,3,pasta
167,Nat Eyres,45,neyres4m@irs.gov,Philippines,4323,4,4376.19,10/21/2020,3,pizza
168,Aubert Lickorish,31,alickorish4n@freewebs.com,China,,4,5852.06,12/20/2020,18,pizza
169,Wallace Myall,30,wmyall4o@mapy.cz,China,,5,7025.17,11/30/2021,17,burger
170,Laverna Wigfield,62,lwigfield4p@who.int,Liberia,,3,2899.47,2/21/2020,7,pasta
171,Cooper Hulmes,66,chulmes4q@tmall.com,Greece,,1,324.32,6/17/2021,24,burger
172,Charissa Caban,60,ccaban4r@blogs.com,Philippines,4203,1,7281.41,7/1/2020,13,pasta
173,Thorn Greenhill,26,tgreenhill4s@homestead.com,China,,1,2788.75,11/16/2020,22,burger
174,Vaughn Kalewe,68,vkalewe4t@europa.eu,Uzbekistan,,3,8442.75,11/29/2020,24,pasta
175,Didi Huxley,24,dhuxley4u@bizjournals.com,Brazil,13500-000,1,469.69,3/24/2020,1,pizza
176,Jammie Croshaw,27,jcroshaw4v@pbs.org,Brazil,18730-000,5,9656.24,8/25/2021,10,pasta
177,Idalia Gotecliffe,55,igotecliffe4w@ox.ac.uk,Russia,689400,4,6285.32,4/6/2020,8,pasta
178,Loren Windrass,38,lwindrass4x@people.com.cn,Peru,,2,1363.09,11/24/2021,12,burger
179,Gerianne Iacovelli,33,giacovelli4y@nymag.com,Indonesia,,2,895.9,9/12/2020,20,pasta
180,Donica Marley,60,dmarley4z@rambler.ru,Russia,453839,3,2984.6,4/15/2020,0,burger
181,Bel Risdall,50,brisdall50@loc.gov,Mexico,51690,1,7444.25,4/6/2020,11,burger
182,Korey Dailey,19,kdailey51@bloomberg.com,Russia,309255,2,5853.88,7/24/2020,20,pizza
183,Vanessa Bednall,46,vbednall52@wix.com,Poland,32-541,4,6081.16,9/11/2020,9,pizza
184,Agustin Harnell,78,aharnell53@kickstarter.com,China,,5,5583.04,6/2/2021,11,pizza
185,Swen Bingall,63,sbingall54@theglobeandmail.com,Armenia,,3,5273.08,8/21/2020,9,burger
186,Twyla Brunroth,82,tbrunroth55@purevolume.com,China,,1,3973.55,4/14/2021,10,pasta
187,Kendal Aiskrigg,78,kaiskrigg56@csmonitor.com,Ukraine,,2,4473.93,6/27/2020,12,pizza
188,Althea Dibnah,84,adibnah57@myspace.com,Cambodia,,1,4051.08,4/2/2020,9,burger
189,Janeta Pude,74,jpude58@hao123.com,Croatia,48321,2,3838.8,6/23/2021,17,pizza
190,Kahaleel Yare,43,kyare59@ocn.ne.jp,Philippines,6423,1,8343.98,10/1/2021,19,pasta
191,Guglielmo Brosenius,55,gbrosenius5a@fc2.com,Portugal,2670-755,2,5633.07,6/15/2020,11,pizza
192,Keane Van Weedenburg,61,kvan5b@youtu.be,Armenia,,3,6157.93,3/3/2021,17,pizza
193,Odetta Gaitskill,78,ogaitskill5c@symantec.com,Sweden,686 91,4,5720.91,6/16/2021,23,pizza
194,Pennie Gladwish,80,pgladwish5d@buzzfeed.com,China,,1,4745.4,11/14/2020,15,pasta
195,Matthias Petracchi,84,mpetracchi5e@wunderground.com,Indonesia,,1,1713.68,10/8/2020,22,burger
196,Gibbie Dibbe,47,gdibbe5f@ovh.net,Philippines,7402,2,3136.9,7/5/2021,19,pizza
197,Terrel Coronas,82,tcoronas5g@etsy.com,Portugal,4605-425,3,6996.18,12/15/2021,20,pasta
198,Jo Ciccetti,45,jciccetti5h@dedecms.com,Australia,1391,1,6340.96,3/10/2020,21,burger
199,Ruben Record,26,rrecord5i@hubpages.com,Russia,141707,4,7510.94,8/27/2020,14,burger
200,Arnoldo Bertelmot,47,abertelmot5j@twitter.com,Ecuador,,3,4598.53,4/18/2020,1,pasta
201,Nichols Aylesbury,69,naylesbury5k@cnet.com,Dominican Republic,10510,1,4480.75,11/27/2021,1,pasta
202,Levin Spalton,50,lspalton5l@economist.com,Thailand,48180,1,4926.46,5/19/2021,6,pizza
203,Robert Vaar,23,rvaar5m@tumblr.com,Philippines,6129,2,231.03,7/3/2020,8,burger
204,Tonia Moiser,51,tmoiser5n@independent.co.uk,Russia,674310,5,6349.35,7/14/2020,12,burger
205,Pierrette Illes,30,pilles5o@hp.com,China,,2,9304.4,7/25/2020,6,burger
206,Magdaia Cullinan,42,mcullinan5p@yellowbook.com,Costa Rica,70603,3,8239.08,8/28/2020,4,pizza
207,Fredrick Gensavage,74,fgensavage5q@who.int,China,,5,1116.14,3/2/2020,6,pasta
208,Korie Philcox,34,kphilcox5r@nydailynews.com,Iran,,5,706.0,9/19/2021,0,pizza
209,Robyn Landells,85,rlandells5s@mysql.com,Poland,97-352,2,1221.83,2/2/2020,12,pizza
210,Muire Pavlenko,76,mpavlenko5t@clickbank.net,Brazil,55630-000,4,5245.33,12/28/2021,6,pasta
211,Darill Huikerby,46,dhuikerby5u@senate.gov,Kazakhstan,,5,7734.85,7/12/2020,8,pasta
212,Kathleen Flowerdew,64,kflowerdew5v@delicious.com,China,,3,3319.52,11/1/2021,11,pizza
213,Domenico Skiggs,68,dskiggs5w@etsy.com,Czech Republic,257 08,1,3310.7,3/3/2020,18,pizza
214,Adelle O'Flynn,67,aoflynn5x@eepurl.com,China,,3,4001.54,11/4/2021,10,pasta
215,Dionne Gaiford,79,dgaiford5y@fda.gov,Indonesia,,1,8796.42,10/8/2021,13,burger
216,Ameline Crowthe,77,acrowthe5z@usnews.com,China,,2,4378.94,4/4/2021,8,pizza
217,Robinette Daniells,46,rdaniells60@google.de,Indonesia,,2,8843.54,1/4/2020,23,pasta
218,Lorettalorna Liccardi,33,lliccardi61@cornell.edu,Kenya,,1,1041.13,2/3/2021,17,burger
219,Elenore Aguirrezabala,41,eaguirrezabala62@uiuc.edu,China,,5,109.43,9/7/2020,19,burger
220,Kimberley Mansell,39,kmansell63@parallels.com,China,,4,4841.2,7/30/2020,14,pasta
221,Page Dykins,79,pdykins64@goo.gl,Greece,,4,5199.21,11/19/2020,2,pasta
222,Augie Tilson,62,atilson65@jalbum.net,South Africa,1309,2,361.84,11/28/2020,10,pasta
223,Ag Lamberto,62,alamberto66@wsj.com,Argentina,8138,1,3464.43,3/21/2021,1,pasta
224,Winifred Stillmann,32,wstillmann67@virginia.edu,China,,2,8497.33,9/9/2020,5,pasta
225,Rita Scamp,73,rscamp68@nhs.uk,Vietnam,,5,5456.28,12/20/2021,10,burger
226,Margette Yockley,68,myockley69@state.tx.us,Poland,43-419,5,761.08,10/17/2021,2,pasta
227,Ephraim Josovitz,32,ejosovitz6a@ucoz.ru,Venezuela,,5,7126.32,9/28/2021,12,burger
228,Solomon Deport,75,sdeport6b@soup.io,Kazakhstan,,3,7842.3,9/11/2020,2,pasta
229,Sarette Stapleton,22,sstapleton6c@aboutads.info,Vietnam,,4,3372.04,8/19/2021,10,pasta
230,Coraline Tissier,26,ctissier6d@scientificamerican.com,Peru,,4,3924.33,6/16/2020,6,pizza
231,Kristel Clayhill,44,kclayhill6e@latimes.com,Russia,678600,5,2571.75,6/7/2020,18,pizza
232,Earvin Moon,25,emoon6f@g.co,Portugal,7450-227,4,6302.82,12/29/2020,20,pizza
233,Dorette Ubsdale,29,dubsdale6g@washington.edu,Poland,83-340,1,7054.89,3/20/2020,3,pizza
234,Beck Firminger,78,bfirminger6h@tumblr.com,Indonesia,,5,3098.9,9/25/2020,20,pizza
235,Arlen Mount,66,amount6i@samsung.com,Benin,,5,4896.46,6/17/2021,18,burger
236,Chiquia Hicklingbottom,60,chicklingbottom6j@who.int,Vietnam,,2,4600.69,12/5/2020,22,pasta
237,Claybourne Ferrara,37,cferrara6k@upenn.edu,Indonesia,,5,1045.89,8/25/2021,19,pasta
238,Karola Pabst,35,kpabst6l@si.edu,Croatia,47302,3,8467.29,12/25/2021,3,pizza
239,Inger Elverstone,52,ielverstone6m@liveinternet.ru,Thailand,40160,2,8785.7,5/19/2020,21,burger
240,Hyacinthe Byham,52,hbyham6n@i2i.jp,Philippines,3404,1,9778.87,2/16/2020,9,pasta
241,Judd Varley,59,jvarley6o@europa.eu,Russia,397551,4,4756.39,4/15/2020,24,burger
242,Mitchell Stanmore,33,mstanmore6p@privacy.gov.au,Portugal,3700-871,1,4551.62,5/15/2020,8,pizza
243,Casey Teesdale,37,cteesdale6q@bandcamp.com,Brazil,63180-000,4,202.8,6/22/2020,12,pizza
244,Antonietta Sillars,48,asillars6r@gravatar.com,Honduras,,5,978.42,5/28/2020,20,burger
245,Alf Adamsson,71,aadamsson6s@google.nl,China,,5,2863.15,1/13/2020,6,pizza
246,Chloette Croisdall,27,ccroisdall6t@dell.com,China,,5,6770.81,9/5/2020,1,burger
247,Say Magne,34,smagne6u@people.com.cn,China,,5,5432.32,10/6/2021,1,burger
248,Allina Banger,19,abanger6v@businesswire.com,France,91815 CEDEX,5,7329.09,1/3/2021,15,burger
249,Dolly Murley,19,dmurley6w@spiegel.de,Sweden,791 26,1,9984.25,8/23/2020,4,pizza
250,Zenia Feenan,29,zfeenan6x@ucla.edu,Angola,,2,2575.04,9/13/2021,11,pizza
251,Sophey Pegram,24,spegram6y@statcounter.com,Vanuatu,,2,5416.1,8/6/2020,0,pizza
252,Hoebart Leworthy,21,hleworthy6z@chron.com,United States,31119,2,8378.84,2/25/2020,1,pasta
253,Cleon Champe,59,cchampe70@domainmarket.com,Ukraine,,3,2050.42,10/27/2021,17,pizza
254,Aidan Halliwell,75,ahalliwell71@163.com,China,,3,6347.77,4/20/2020,2,pasta
255,Sharia Brinkworth,75,sbrinkworth72@shinystat.com,Finland,54410,3,8266.3,6/19/2020,19,burger
256,Yorke McLernon,73,ymclernon73@wikimedia.org,China,,5,7117.58,6/19/2020,8,burger
257,Farly Yokley,36,fyokley74@ft.com,China,,4,1280.29,4/7/2021,14,burger
258,Theo Pate,37,tpate75@360.cn,Indonesia,,5,6728.93,5/11/2020,11,burger
259,Currie Guillotin,79,cguillotin76@networkadvertising.org,Croatia,33000,3,8211.77,6/27/2020,16,pasta
260,Cheslie Moggle,66,cmoggle77@aboutads.info,China,,5,1546.28,10/28/2021,4,burger
261,Jacki Melbury,57,jmelbury78@seesaa.net,Poland,62-860,1,1262.63,11/28/2020,18,pizza
262,Peg Gowry,58,pgowry79@intel.com,Slovenia,8331,4,839.38,6/15/2020,15,burger
263,Una Matuszynski,43,umatuszynski7a@soundcloud.com,Austria,8644,4,157.11,1/21/2021,24,pasta
264,Kati Pabelik,61,kpabelik7b@indiatimes.com,Portugal,2760-012,1,2578.71,1/21/2021,10,burger
265,Anallese Elwyn,55,aelwyn7c@acquirethisname.com,Philippines,2422,4,4477.09,8/10/2020,22,burger
266,Car Gwalter,51,cgwalter7d@domainmarket.com,Greece,,2,7026.21,6/6/2021,16,burger
267,Stevie Piscopo,60,spiscopo7e@seattletimes.com,China,,3,7703.33,11/17/2021,1,pasta
268,Nariko Keeping,43,nkeeping7f@netlog.com,Canada,B0L,5,5444.91,3/1/2021,8,pasta
269,Windham Creaney,63,wcreaney7g@europa.eu,Senegal,,4,4525.89,7/22/2021,2,pizza
270,Alexina Bullene,56,abullene7h@vimeo.com,France,84204 CEDEX,3,5693.99,5/23/2021,2,pasta
271,Marty Janiak,23,mjaniak7i@bloomberg.com,Colombia,054417,5,5720.49,4/1/2020,20,pasta
272,Melosa Fuge,22,mfuge7j@topsy.com,Russia,347417,2,192.85,11/28/2021,14,pizza
273,Marty Halpin,57,mhalpin7k@reverbnation.com,Indonesia,,5,1992.72,6/16/2021,23,burger
274,Neala Lindberg,54,nlindberg7l@wikispaces.com,Poland,43-476,5,6399.28,2/20/2020,14,burger
275,Malia Harm,25,mharm7m@loc.gov,Portugal,3465-132,4,7249.84,6/26/2020,24,burger
276,Cammy Bircher,69,cbircher7n@gravatar.com,Portugal,4635-115,3,5908.33,7/9/2021,20,pizza
277,Aymer Sail,41,asail7o@goodreads.com,Dominican Republic,11105,3,1077.58,3/26/2021,6,pizza
278,Bell Finan,80,bfinan7p@yale.edu,France,76821 CEDEX,2,2436.3,10/31/2021,3,pizza
279,Shirleen Ilymanov,21,silymanov7q@wunderground.com,Thailand,56120,2,3836.7,10/17/2020,16,pizza
280,Sandra Silvermann,81,ssilvermann7r@meetup.com,Serbia,,4,5585.83,9/30/2021,24,burger
281,Aurea Siseland,72,asiseland7s@nps.gov,Czech Republic,539 55,5,6629.65,6/28/2020,9,burger
282,Bradan Drinkall,80,bdrinkall7t@princeton.edu,Poland,58-564,5,2817.99,4/20/2021,12,burger
283,Morse Batte,71,mbatte7u@theatlantic.com,China,,4,1552.64,4/29/2020,19,burger
284,Bernardine Rosenbush,69,brosenbush7v@cnbc.com,Nicaragua,,5,5993.75,4/13/2021,10,pasta
285,Micah Dalziel,79,mdalziel7w@unc.edu,Poland,43-385,5,1200.85,12/25/2021,10,pizza
286,Gianni Guthrum,55,gguthrum7x@nytimes.com,Venezuela,,1,9774.75,11/22/2020,18,pasta
287,Darius Kingaby,79,dkingaby7y@flickr.com,South Africa,0492,3,7036.52,9/1/2020,5,pasta
288,Giacinta Dutnell,35,gdutnell7z@yolasite.com,Portugal,4570-414,1,8017.91,12/25/2020,10,pasta
289,Myrwyn Larkby,31,mlarkby80@naver.com,Indonesia,,3,3777.78,6/3/2021,9,pizza
290,Dillie Langstone,30,dlangstone81@bloomberg.com,Poland,43-245,3,3675.94,7/11/2020,22,pizza
291,Claudine Krook,73,ckrook82@pbs.org,Indonesia,,4,4428.1,9/17/2020,3,pasta
292,Jemie Picott,21,jpicott83@mashable.com,France,33060 CEDEX,3,927.27,1/2/2021,19,pasta
293,Rosalinde Miall,18,rmiall84@spotify.com,Iran,,4,2100.07,10/1/2021,15,pizza
294,Aarika Andriuzzi,62,aandriuzzi85@amazon.de,Philippines,3126,1,186.21,7/17/2021,16,pizza
295,Inness Drain,67,idrain86@wikispaces.com,China,,5,6791.31,7/14/2021,1,pizza
296,Marys Davids,33,mdavids87@icq.com,Madagascar,,4,3230.05,9/10/2020,5,pizza
297,Ring Lappine,63,rlappine88@sciencedirect.com,Philippines,5614,5,8950.03,5/2/2021,23,pizza
298,Jourdain Pooley,21,jpooley89@wp.com,China,,2,580.74,6/14/2020,1,pizza
299,Oliver Fermer,67,ofermer8a@tinypic.com,Indonesia,,1,9091.34,8/5/2020,11,pizza
300,Sarena Cryer,47,scryer8b@acquirethisname.com,Indonesia,,2,6402.81,5/22/2021,18,burger
301,Abbot Roskelly,35,aroskelly8c@foxnews.com,Sweden,137 24,3,6915.33,7/13/2021,9,burger
302,Minerva Pietasch,53,mpietasch8d@springer.com,Russia,352020,1,6414.74,5/10/2021,2,pasta
303,Garnette Glenn,19,gglenn8e@nba.com,Russia,624365,5,3284.16,9/2/2020,11,pizza
304,Kelcie Haye,75,khaye8f@washington.edu,Philippines,2020,2,915.06,11/16/2020,14,pasta
305,Vitia Lieb,43,vlieb8g@geocities.jp,Panama,,4,4068.59,6/16/2020,20,burger
306,Maribel Aggiss,32,maggiss8h@mayoclinic.com,Iraq,,5,6473.73,2/14/2020,7,pasta
307,Zacharias Basset,27,zbasset8i@europa.eu,China,,3,8434.2,3/11/2020,18,pasta
308,Randolph Monks,63,rmonks8j@blinklist.com,Indonesia,,5,9499.12,8/22/2020,4,pizza
309,Ag Ridgewell,58,aridgewell8k@example.com,China,,4,7899.62,11/4/2021,16,burger
310,Odo Rolph,31,orolph8l@biblegateway.com,Vietnam,,1,4313.45,11/1/2020,24,pasta
311,Marian Gotcher,50,mgotcher8m@comsenz.com,United States,43268,3,2787.12,8/13/2020,14,pizza
312,Corny De Benedictis,19,cde8n@instagram.com,Brazil,44190-000,4,1496.89,9/17/2021,7,pizza
313,Ernie Luipold,80,eluipold8o@ucoz.ru,Sweden,141 53,5,7778.88,4/11/2020,9,burger
314,Port Woodier,75,pwoodier8p@github.io,Poland,27-630,2,7324.28,4/1/2021,19,pasta
315,Kliment Vila,69,kvila8q@ebay.co.uk,Indonesia,,5,6256.37,10/10/2021,24,pizza
316,Mitchel Filippi,41,mfilippi8r@vk.com,Iraq,,1,3989.38,10/26/2020,16,pizza
317,Filide Balderstone,58,fbalderstone8s@spotify.com,France,66921 CEDEX,2,9614.36,4/1/2020,17,pasta
318,Licha Ridel,49,lridel8t@discuz.net,China,,2,8304.76,12/24/2020,3,pasta
319,Swen Finlason,31,sfinlason8u@jalbum.net,Peru,,2,5567.51,2/8/2020,7,pizza
320,Diannne Rutigliano,34,drutigliano8v@wsj.com,Pakistan,73201,1,4363.31,7/11/2021,4,burger
321,Aileen Pagan,73,apagan8w@amazon.com,Vietnam,,4,58.96,8/10/2021,3,burger
322,Camala O'Fergus,53,cofergus8x@ca.gov,Macedonia,1219,3,1821.75,5/9/2021,15,pasta
323,Barret Bradwell,48,bbradwell8y@economist.com,China,,1,6698.96,3/8/2020,9,pasta
324,Adora Balcombe,29,abalcombe8z@harvard.edu,Indonesia,,1,6582.15,1/7/2020,17,pizza
325,Stanleigh Botton,84,sbotton90@house.gov,Philippines,1960,1,4652.01,11/5/2021,24,pasta
326,Fanchette Cowcha,70,fcowcha91@army.mil,China,,5,7215.48,2/15/2021,3,pasta
327,Malissia Biggerdike,54,mbiggerdike92@bing.com,Malaysia,80560,3,2341.96,2/25/2021,2,pizza
328,Anstice Pinor,55,apinor93@eventbrite.com,Mauritius,,2,3230.93,3/30/2021,23,burger
329,Carree Darnborough,81,cdarnborough94@networkadvertising.org,China,,3,9482.95,8/22/2021,4,pizza
330,Arv Cashen,43,acashen95@umich.edu,Hong Kong,,4,5759.68,7/31/2021,23,burger
331,Haslett Springham,55,hspringham96@google.co.uk,Brazil,25600-000,4,4243.04,6/4/2021,17,pizza
332,Christine Steward,58,csteward97@fema.gov,Argentina,5870,4,5418.16,9/19/2021,7,burger
333,Eleanor Amor,25,eamor98@buzzfeed.com,Ukraine,,3,8451.83,11/24/2020,15,pasta
334,Mirna Lunt,77,mlunt99@angelfire.com,Mexico,92015,2,3240.87,11/9/2020,13,pizza
335,Brett Agg,60,bagg9a@un.org,China,,2,3735.14,3/18/2021,15,pizza
336,Lucian Allder,45,lallder9b@vimeo.com,China,,2,5201.91,11/1/2021,4,pizza
337,Mitzi Keaves,36,mkeaves9c@loc.gov,South Korea,,2,1012.12,11/23/2020,21,burger
338,Laughton Geraudel,20,lgeraudel9d@hubpages.com,Indonesia,,4,1436.02,12/7/2021,21,pasta
339,Taber Powell,51,tpowell9e@mapquest.com,Palestinian Territory,,4,9558.13,11/25/2020,22,pasta
340,Katharina Duffin,33,kduffin9f@ox.ac.uk,Iran,,2,7242.71,1/3/2020,7,pizza
341,Emlynne Sekulla,66,esekulla9g@pagesperso-orange.fr,United Kingdom,BS41,5,1250.0,1/10/2020,6,pasta
342,Floria Hempshall,22,fhempshall9h@list-manage.com,China,,1,3760.15,2/20/2020,7,pizza
343,Ruthann Maestrini,18,rmaestrini9i@constantcontact.com,Russia,601136,1,3830.47,12/10/2021,21,pizza
344,Bari Lindores,31,blindores9j@imageshack.us,Czech Republic,348 02,4,6249.92,8/27/2021,6,burger
345,Donovan Inkin,78,dinkin9k@forbes.com,France,94865 CEDEX,2,2890.67,3/9/2020,11,burger
346,Amil Chippindall,55,achippindall9l@marriott.com,Indonesia,,4,1660.46,3/3/2021,13,pasta
347,Gilbertine Spellard,73,gspellard9m@youku.com,U.S. Virgin Islands,00822,3,2812.99,2/4/2020,9,burger
348,Norbert Jorat,53,njorat9n@amazon.co.jp,China,,3,7532.31,3/19/2021,15,pasta
349,Lotty Powdrill,82,lpowdrill9o@trellian.com,Croatia,51242,2,5482.29,12/27/2021,3,burger
350,Sandi Creeghan,40,screeghan9p@topsy.com,Venezuela,,3,1311.78,9/16/2021,21,pizza
351,Kaja Kersey,52,kkersey9q@google.co.uk,Indonesia,,1,192.58,9/22/2021,24,pizza
352,Tracy Wolver,72,twolver9r@umich.edu,China,,5,9860.14,4/30/2020,19,burger
353,Emmalynn Sabberton,56,esabberton9s@youtu.be,China,,2,5908.42,12/2/2021,9,pasta
354,Honor Goodreid,51,hgoodreid9t@unblog.fr,Norway,3255,2,4037.84,11/22/2021,0,pizza
355,Jerrilee Rozzier,32,jrozzier9u@instagram.com,Belarus,,3,9116.62,9/25/2021,20,pizza
356,Felicia Kinig,64,fkinig9v@discuz.net,Guatemala,19018,4,7669.31,2/16/2021,9,pasta
357,Mayor Sandeford,68,msandeford9w@twitpic.com,France,89204 CEDEX,3,4816.62,7/15/2021,7,pasta
358,Lorin Bathowe,78,lbathowe9x@foxnews.com,Russia,628256,3,1625.96,1/30/2021,17,pizza
359,Deena Kippin,74,dkippin9y@huffingtonpost.com,Indonesia,,3,1001.65,3/30/2021,1,pizza
360,Barbi Linggood,45,blinggood9z@vinaora.com,France,71309 CEDEX,4,9204.77,2/5/2020,24,pasta
361,Hart Klempke,33,hklempkea0@cnet.com,China,,4,4290.59,10/30/2021,5,burger
362,Ade Skettles,31,askettlesa1@miitbeian.gov.cn,China,,1,3688.51,7/25/2020,9,pizza
363,Cris Sumbler,48,csumblera2@taobao.com,Bosnia and Herzegovina,,3,8865.57,10/9/2021,18,pizza
364,Marrissa Bagster,31,mbagstera3@mashable.com,Argentina,9225,3,4478.29,9/16/2020,7,burger
365,Sanders Baptista,51,sbaptistaa4@multiply.com,Venezuela,,4,9474.39,9/3/2021,9,pizza
366,Aeriell Crumbleholme,49,acrumbleholmea5@sohu.com,China,,5,666.98,10/12/2020,18,burger
367,Torrin Bonanno,25,tbonannoa6@ox.ac.uk,China,,1,8319.17,10/26/2021,13,pizza
368,Linnell Kerner,28,lkernera7@amazon.de,Guatemala,17011,3,8901.04,8/11/2021,0,pasta
369,Gerti Seward,31,gsewarda8@tuttocitta.it,Argentina,9400,2,3850.46,10/7/2020,17,pasta
370,Danila Dulwich,62,ddulwicha9@slideshare.net,Russia,347674,1,2354.27,9/24/2021,15,pasta
371,Esther Footitt,23,efootittaa@blogs.com,Russia,368328,1,7245.04,7/10/2020,20,pizza
372,Raeann Stoney,84,rstoneyab@vkontakte.ru,Sweden,241 91,1,498.23,3/19/2020,1,burger
373,Salomo Winscum,25,swinscumac@tiny.cc,China,,5,8953.91,9/24/2020,17,burger
374,Benedetta Grishukhin,75,bgrishukhinad@nih.gov,Philippines,4516,3,6356.85,3/14/2021,16,burger
375,Astra Heinel,23,aheinelae@unc.edu,Czech Republic,463 46,3,6573.41,12/7/2020,3,pasta
376,Dela Dixson,50,ddixsonaf@hostgator.com,Sierra Leone,,3,1669.56,7/4/2021,22,burger
377,Dare Iacabucci,22,diacabucciag@ft.com,Ecuador,,5,1020.46,11/21/2021,14,burger
378,Smith Penhearow,54,spenhearowah@ucla.edu,Chile,,3,6943.59,6/9/2020,14,burger
379,Emory Marques,83,emarquesai@is.gd,Indonesia,,4,4772.6,4/20/2021,22,pizza
380,Clarie Pereira,37,cpereiraaj@google.pl,Thailand,48180,1,1319.61,4/18/2021,13,pizza
381,Ciro Scipsey,37,cscipseyak@hud.gov,Indonesia,,2,2907.53,11/11/2020,17,burger
382,Lorrayne Bruckenthal,79,lbruckenthalal@reverbnation.com,Canada,T1C,3,8898.75,9/29/2021,11,burger
383,Valentia Matelaitis,84,vmatelaitisam@mayoclinic.com,Chile,,4,8284.08,4/11/2020,14,pasta
384,Vanni Frede,18,vfredean@shareasale.com,Poland,26-803,1,323.99,2/3/2021,9,burger
385,Vilhelmina McGookin,54,vmcgookinao@hud.gov,Kuwait,,2,3846.34,11/9/2021,7,burger
386,Quinton Dowthwaite,47,qdowthwaiteap@rambler.ru,China,,5,5189.5,8/24/2021,22,pasta
387,Darrick Stovell,59,dstovellaq@latimes.com,China,,2,6732.14,6/16/2020,1,burger
388,Dieter Alphege,52,dalphegear@cdc.gov,Thailand,83120,3,2267.86,9/4/2020,3,burger
389,Karlik Danielut,35,kdanielutas@nytimes.com,Peru,,1,7638.24,10/25/2020,23,burger
390,Donavon Hanigan,50,dhaniganat@bigcartel.com,Russia,601964,1,267.95,2/17/2020,0,pasta
391,Morgen Duinbleton,22,mduinbletonau@behance.net,Guatemala,19018,1,3555.7,11/6/2021,13,pizza
392,Ashien Suggate,58,asuggateav@about.me,Russia,624127,1,4261.86,12/26/2021,0,pasta
393,Paulina Jagels,26,pjagelsaw@indiatimes.com,Poland,84-208,3,6404.4,6/4/2020,21,pasta
394,Bartram Batram,53,bbatramax@ucsd.edu,China,,3,458.75,3/14/2021,2,burger
395,Milzie Wattisham,52,mwattishamay@reference.com,China,,3,9701.52,11/11/2020,1,pizza
396,Merry Grogor,42,mgrogoraz@imageshack.us,China,,4,8896.68,10/10/2021,22,pizza
397,Shaine Oddboy,45,soddboyb0@skype.com,Mexico,40894,3,2734.27,7/3/2021,15,pasta
398,Elita Baigent,74,ebaigentb1@youku.com,Czech Republic,687 51,4,606.92,6/22/2020,10,pasta
399,Elia Draijer,83,edraijerb2@51.la,Indonesia,,2,8837.49,12/25/2020,1,pizza
400,Any Dobkin,78,adobkinb3@aboutads.info,Chile,,3,3109.11,12/16/2020,15,pasta
401,Conchita Thursfield,30,cthursfieldb4@vimeo.com,Indonesia,,3,485.66,7/27/2021,10,pasta
402,Mitchael Marron,34,mmarronb5@ft.com,China,,5,341.74,11/15/2020,2,burger
403,Currey Bernasek,36,cbernasekb6@statcounter.com,China,,4,2441.4,4/1/2020,20,burger
404,Dionne Towers,37,dtowersb7@issuu.com,China,,5,7606.73,8/30/2021,21,burger
405,Brew Nisard,74,bnisardb8@ow.ly,Thailand,46000,5,7958.63,4/27/2020,18,pizza
406,Roddie Bareford,25,rbarefordb9@uol.com.br,Belarus,,2,4165.43,11/6/2021,7,burger
407,Angelo Pohlke,72,apohlkeba@youku.com,China,,5,7785.49,10/16/2020,20,pizza
408,Silvio Frew,78,sfrewbb@hc360.com,Finland,79101,1,7371.9,12/21/2021,15,pizza
409,Theodore Kikke,64,tkikkebc@sourceforge.net,France,68134 CEDEX,2,4879.02,12/3/2021,5,pizza
410,Reyna Dartnall,31,rdartnallbd@diigo.com,Albania,,5,8919.07,1/5/2020,15,pizza
411,Ara Lanegran,20,alanegranbe@about.com,Venezuela,,2,8127.57,6/21/2021,24,burger
412,Bethany Imms,44,bimmsbf@phoca.cz,Azerbaijan,,2,9779.79,9/7/2020,19,pasta
413,Leona Blanning,32,lblanningbg@dion.ne.jp,Poland,73-150,5,1709.39,1/28/2020,14,burger
414,Florencia Kinnard,37,fkinnardbh@over-blog.com,Russia,652261,3,4152.8,1/28/2020,16,pasta
415,Stanly Curtayne,31,scurtaynebi@umn.edu,Armenia,,2,334.43,3/7/2021,7,pasta
416,Andris Fearenside,32,afearensidebj@bloomberg.com,Armenia,,2,2197.31,7/19/2020,12,burger
417,Eduard Buckeridge,60,ebuckeridgebk@goodreads.com,Japan,509-6251,1,3971.18,11/21/2020,18,pasta
418,Andris Sey,20,aseybl@icq.com,Mexico,75710,2,2381.48,4/18/2021,2,pizza
419,Douglass Keavy,18,dkeavybm@canalblog.com,Peru,,5,4981.59,6/20/2020,5,pizza
420,Sumner Tiffin,64,stiffinbn@microsoft.com,Nigeria,,5,5637.81,9/4/2021,20,pasta
421,Garland Oatley,32,goatleybo@princeton.edu,United States,19610,3,9095.97,11/21/2020,10,pizza
422,Trisha Luberto,45,tlubertobp@google.de,China,,3,4351.16,4/22/2021,9,pizza
423,Jacki Lamprecht,28,jlamprechtbq@dmoz.org,China,,3,737.97,7/15/2020,22,burger
424,Cameron MacLucais,47,cmaclucaisbr@hugedomains.com,Indonesia,,5,7217.13,1/17/2020,19,pizza
425,Bibi Cunnow,41,bcunnowbs@liveinternet.ru,Chile,,1,8603.23,7/11/2020,7,burger
426,Pinchas Badcock,58,pbadcockbt@dion.ne.jp,Russia,168170,3,4993.77,12/8/2021,1,pizza
427,Virgie Bettenay,30,vbettenaybu@t.co,New Zealand,9740,1,3944.15,7/7/2020,23,pasta
428,Michail Duxbury,65,mduxburybv@china.com.cn,China,,5,7408.89,7/28/2020,6,burger
429,Abbye Dabel,71,adabelbw@wikispaces.com,Brazil,62320-000,2,1517.2,1/10/2021,6,pasta
430,Zedekiah Tuson,77,ztusonbx@tumblr.com,Bangladesh,9413,1,3252.74,6/19/2020,18,pizza
431,Barnaby Hutcheon,62,bhutcheonby@privacy.gov.au,China,,1,1584.25,1/3/2020,0,pizza
432,Maurise Boig,65,mboigbz@last.fm,Peru,,3,4376.26,9/7/2021,24,pasta
433,Charmaine Scrymgeour,21,cscrymgeourc0@ucoz.ru,Canada,M1C,1,6403.36,6/18/2021,22,burger
434,Alidia Carling,56,acarlingc1@ow.ly,China,,4,995.56,1/12/2021,18,pizza
435,Coretta Okroy,78,cokroyc2@multiply.com,France,78364 CEDEX,4,2982.1,2/21/2020,19,pasta
436,Calida Gorwood,69,cgorwoodc3@java.com,Mexico,29913,2,8563.08,4/11/2021,11,burger
437,Karine Fickling,46,kficklingc4@icq.com,Indonesia,,2,7114.44,9/22/2020,8,burger
438,Herta Vanes,31,hvanesc5@twitter.com,Brazil,17250-000,5,3888.09,9/3/2020,21,pizza
439,Prudy Georgelin,24,pgeorgelinc6@meetup.com,Ukraine,,5,8000.02,4/24/2021,16,pizza
440,Clyve Tailby,36,ctailbyc7@cargocollective.com,Philippines,2109,3,9750.47,3/11/2021,6,pasta
441,Tonye Benford,22,tbenfordc8@nih.gov,Greece,,4,2426.4,12/4/2021,0,pizza
442,Freddi Click,25,fclickc9@meetup.com,Philippines,4612,5,3182.7,9/19/2020,7,pasta
443,Arlena Worsall,68,aworsallca@angelfire.com,China,,3,6284.68,9/30/2020,9,pizza
444,Marsiella Corcoran,66,mcorcorancb@businessinsider.com,Palestinian Territory,,1,7265.75,3/11/2020,22,pasta
445,Eileen Hacquel,23,ehacquelcc@google.co.uk,Albania,,1,3557.76,6/30/2020,3,pasta
446,Loree Lambersen,51,llambersencd@dion.ne.jp,Venezuela,,1,7223.67,3/28/2020,13,pizza
447,Ferdinanda Woolland,66,fwoollandce@cocolog-nifty.com,Russia,655761,5,7533.96,6/13/2020,20,burger
448,Tonie Tuffield,60,ttuffieldcf@behance.net,Indonesia,,5,9462.55,11/24/2021,17,pizza
449,Tadeas Binford,20,tbinfordcg@goo.gl,Latvia,,4,4652.09,10/14/2020,16,pasta
450,Nydia Borrows,28,nborrowsch@biblegateway.com,China,,5,6938.04,7/28/2020,6,burger
451,Fawnia Kuhlmey,50,fkuhlmeyci@dagondesign.com,Ukraine,,2,7380.59,3/5/2020,23,pasta
452,Ianthe Lackey,22,ilackeycj@sogou.com,Madagascar,,5,4477.73,8/14/2020,24,burger
453,Toma Vittle,39,tvittleck@vk.com,China,,2,9895.53,1/28/2021,15,pasta
454,Pat Rosencrantz,43,prosencrantzcl@nba.com,China,,5,6342.6,7/21/2020,7,pasta
455,Andrej Jelly,62,ajellycm@123-reg.co.uk,China,,2,4174.44,10/18/2020,23,burger
456,Catina Thicking,79,cthickingcn@weather.com,Vietnam,,5,3528.77,5/2/2021,5,pasta
457,Isidore Duckworth,69,iduckworthco@w3.org,China,,2,7582.68,5/21/2021,19,burger
458,Carmina Perrygo,43,cperrygocp@imgur.com,Mexico,30414,2,2988.33,5/23/2021,7,pizza
459,Currie Boyle,34,cboylecq@google.com,Brazil,69685-000,2,4272.15,6/4/2021,11,pizza
460,Devan Etheredge,54,detheredgecr@exblog.jp,Poland,32-436,2,7509.59,11/16/2020,24,pasta
461,Ade Storror,47,astorrorcs@jalbum.net,China,,1,4139.8,6/25/2021,5,burger
462,Elihu Opdenorth,42,eopdenorthct@howstuffworks.com,Brazil,33600-000,1,241.8,12/10/2020,15,pasta
463,Gib Linney,51,glinneycu@fema.gov,Estonia,,2,7207.15,8/1/2021,1,pizza
464,Almeda Coo,43,acoocv@ihg.com,Nauru,,2,9851.26,3/26/2020,17,pizza
465,Dario Joannic,60,djoanniccw@dot.gov,South Korea,,4,5695.44,5/15/2020,7,pasta
466,Graeme Sharpley,24,gsharpleycx@nps.gov,Poland,05-827,5,2807.26,8/14/2021,9,pizza
467,Kirsten Saundercock,20,ksaundercockcy@t-online.de,Argentina,3100,4,7974.42,8/25/2021,4,pasta
468,Galvan Pedracci,66,gpedraccicz@bluehost.com,Russia,397855,2,9594.31,10/17/2020,2,pasta
469,Tricia Kenrack,19,tkenrackd0@google.cn,Ecuador,,3,9493.26,7/28/2020,20,burger
470,Callida Sealand,48,csealandd1@live.com,Syria,,5,7463.36,2/28/2021,5,pasta
471,Gustav Mac Giany,23,gmacd2@umich.edu,Portugal,4950-270,2,3449.86,11/26/2021,16,pasta
472,Davy Balmforth,22,dbalmforthd3@aol.com,Honduras,,2,3854.69,5/25/2020,8,burger
473,Reeva Beazleigh,28,rbeazleighd4@csmonitor.com,Armenia,,3,6513.24,8/14/2021,0,pizza
474,Renate Coon,77,rcoond5@amazonaws.com,Poland,32-112,4,6264.58,2/23/2020,0,pasta
475,Scotty Dumbarton,45,sdumbartond6@t-online.de,"Bonaire, Saint Eustatius and Saba ",,2,7216.54,4/12/2020,13,pizza
476,Darbee Sarle,49,dsarled7@wix.com,Poland,18-411,2,4163.73,5/22/2020,10,burger
477,Ryley Smalls,39,rsmallsd8@exblog.jp,Poland,83-425,2,238.75,11/28/2021,15,burger
478,Magdaia Dummer,41,mdummerd9@friendfeed.com,Portugal,3025-403,5,1265.79,3/9/2020,11,pizza
479,Mella Dimitriou,56,mdimitriouda@columbia.edu,Ukraine,,2,8578.11,8/16/2020,22,pizza
480,Juanita Breslane,30,jbreslanedb@ycombinator.com,Israel,,4,1525.47,9/7/2021,1,pizza
481,Sheeree Clinkard,19,sclinkarddc@miitbeian.gov.cn,Peru,,4,3649.19,6/5/2021,16,pizza
482,Wanids Binny,56,wbinnydd@nifty.com,Indonesia,,1,9150.5,10/6/2020,3,burger
483,Rog Eringey,75,reringeyde@dyndns.org,Ukraine,,1,6909.51,12/23/2020,21,pasta
484,Hyacinth Hanaford,47,hhanaforddf@umich.edu,Syria,,3,1038.36,3/2/2021,21,burger
485,Fonsie Verdie,60,fverdiedg@baidu.com,Vietnam,,2,2488.42,12/29/2020,8,burger
486,Tiena Bleythin,45,tbleythindh@tmall.com,India,532663,1,2216.34,12/7/2020,8,burger
487,Jackquelin Feighney,26,jfeighneydi@fastcompany.com,China,,5,2431.01,11/11/2020,23,pizza
488,Fowler O'Cooney,67,focooneydj@omniture.com,Portugal,3870-123,3,3235.56,5/6/2021,16,pizza
489,Tiphanie Becaris,21,tbecarisdk@netlog.com,Indonesia,,3,3761.53,12/27/2021,17,pizza
490,Aldridge Bowmer,70,abowmerdl@irs.gov,Serbia,,4,2504.13,5/8/2021,21,pasta
491,Osmund Bilbrook,35,obilbrookdm@gravatar.com,Nigeria,,4,400.3,7/30/2020,17,burger
492,Giles Yosselevitch,57,gyosselevitchdn@desdev.cn,Yemen,,3,3407.11,11/30/2021,9,pasta
493,Jacob Tincombe,82,jtincombedo@bravesites.com,Indonesia,,4,3107.15,4/2/2020,24,pasta
494,Brianna Normanville,71,bnormanvilledp@opera.com,China,,4,1100.53,5/6/2020,4,pasta
495,Darell Merill,84,dmerilldq@paypal.com,Philippines,4210,1,4683.38,8/26/2021,12,pizza
496,Dionne Bilt,55,dbiltdr@ehow.com,Colombia,054457,5,3836.97,10/10/2021,12,pizza
497,Kirstyn Gawke,63,kgawkeds@uol.com.br,Indonesia,,1,8437.01,7/11/2020,6,pizza
498,Candace Davinet,45,cdavinetdt@cmu.edu,Vietnam,,3,3918.31,4/2/2020,13,pasta
499,Crysta Brien,43,cbriendu@comsenz.com,Philippines,5211,3,7339.94,1/28/2020,2,pizza
500,Reginald Seldner,36,rseldnerdv@nydailynews.com,Indonesia,,4,5051.63,9/7/2020,5,burger
501,Raimundo Ruit,62,rruitdw@cdbaby.com,Indonesia,,1,5965.48,3/16/2021,23,pasta
502,Linzy Baison,35,lbaisondx@microsoft.com,Panama,,5,7269.43,4/21/2021,22,burger
503,Jerome Torpie,39,jtorpiedy@goodreads.com,Russia,422920,2,4038.38,8/13/2020,1,pasta
504,Ozzie Endrighi,30,oendrighidz@census.gov,Lebanon,,3,8622.59,4/2/2021,19,pizza
505,Fanchette Haruard,84,fharuarde0@slideshare.net,China,,3,4087.39,2/4/2021,0,burger
506,Brittaney Labin,18,blabine1@thetimes.co.uk,China,,4,2364.7,1/2/2021,13,pizza
507,Nicolais Doram,25,ndorame2@bloglovin.com,Indonesia,,3,6648.33,7/28/2021,14,pizza
508,Stern Lippingwell,56,slippingwelle3@list-manage.com,Palestinian Territory,,4,6253.78,5/28/2020,4,pasta
509,Billie Heavy,40,bheavye4@bloglines.com,China,,2,6696.49,4/7/2021,3,burger
510,Luise Eddowis,41,leddowise5@stanford.edu,Indonesia,,5,403.74,7/4/2020,10,burger
511,Aretha Dongles,82,adonglese6@ftc.gov,Brazil,95940-000,4,6038.04,2/6/2020,0,pasta
512,Sadie Wilflinger,21,swilflingere7@myspace.com,United States,19805,4,5722.02,7/30/2021,1,burger
513,Burg Dalyell,37,bdalyelle8@amazon.co.uk,Ethiopia,,2,8888.4,7/2/2021,20,burger
514,Adler Dran,80,adrane9@fotki.com,China,,3,2989.13,9/24/2020,7,pizza
515,Lenna Pearle,84,lpearleea@istockphoto.com,Venezuela,,5,64.9,11/8/2021,24,pasta
516,Aleece Sisneros,51,asisneroseb@aol.com,China,,5,3988.52,11/2/2021,16,burger
517,Clari Albert,21,calbertec@myspace.com,Greece,,3,6914.82,7/6/2021,5,burger
518,Billie Daout,74,bdaouted@xrea.com,Latvia,,2,6680.89,11/10/2020,1,burger
519,Collen Couper,50,ccouperee@friendfeed.com,Peru,,2,7577.53,7/17/2020,13,pasta
520,Olvan Balassa,42,obalassaef@scientificamerican.com,France,13425 CEDEX 12,4,769.05,9/24/2020,4,pizza
521,Blair Somerlie,68,bsomerlieeg@ehow.com,Indonesia,,5,9626.92,7/14/2020,19,pizza
522,Sandor Dog,69,sdogeh@xinhuanet.com,Finland,44150,4,427.81,4/4/2021,2,pizza
523,Hasheem Lamboll,68,hlambollei@slate.com,Japan,960-0808,2,3139.31,12/11/2021,24,pizza
524,Freida Khrishtafovich,45,fkhrishtafovichej@nbcnews.com,Russia,398501,5,6929.65,3/28/2020,3,pizza
525,Reuben Doding,82,rdodingek@china.com.cn,Germany,49082,1,9709.57,9/22/2020,16,pizza
526,Patricio Gwinnel,56,pgwinnelel@spotify.com,Iran,,5,6229.67,12/15/2020,10,pizza
527,Benny Aliman,26,balimanem@w3.org,China,,2,5937.51,10/1/2020,0,pizza
528,Mehetabel Hanbidge,19,mhanbidgeen@go.com,Portugal,2445-079,1,4383.68,8/27/2021,9,pizza
529,Douglass Jendrassik,81,djendrassikeo@dailymail.co.uk,Ukraine,,5,3719.09,10/5/2020,8,pasta
530,Chuck Gatty,82,cgattyep@go.com,Nicaragua,,5,1550.52,1/15/2021,12,pizza
531,Gillian Edis,78,gediseq@photobucket.com,Mexico,29480,2,9411.24,7/8/2020,23,burger
532,Curtis MacKenzie,62,cmackenzieer@loc.gov,Indonesia,,1,1451.02,6/18/2021,7,burger
533,Biron Addie,45,baddiees@dedecms.com,Venezuela,,2,9164.03,5/27/2021,20,pasta
534,Hyacintha Brekonridge,71,hbrekonridgeet@unicef.org,Poland,77-133,3,6107.08,11/20/2020,0,burger
535,Debra Este,43,desteeu@sitemeter.com,China,,3,1359.7,3/17/2021,15,pasta
536,Conway Swadlin,24,cswadlinev@scientificamerican.com,China,,4,3162.91,1/5/2021,17,burger
537,Daile Horche,58,dhorcheew@mozilla.com,Norway,8607,2,7410.23,9/27/2021,3,pasta
538,Klarrisa Doggett,61,kdoggettex@vkontakte.ru,Democratic Republic of the Congo,,4,7167.92,9/22/2020,19,pasta
539,Kliment Kenwyn,48,kkenwyney@is.gd,Malaysia,15670,3,594.16,9/22/2020,11,burger
540,Mayor Girkins,49,mgirkinsez@comcast.net,Mongolia,,1,6408.96,1/15/2020,4,pasta
541,Ben Sappson,37,bsappsonf0@xing.com,Yemen,,1,8782.52,12/12/2021,14,pizza
542,Allyce Grainge,23,agraingef1@house.gov,Nigeria,,5,2558.53,9/18/2020,13,burger
543,Carce Sherrard,46,csherrardf2@house.gov,Brazil,38300-000,4,3907.8,5/27/2020,14,pizza
544,Rufe Sandom,81,rsandomf3@squidoo.com,Poland,63-435,2,5658.4,12/7/2020,0,pasta
545,Mohammed Tossell,27,mtossellf4@baidu.com,Indonesia,,1,5045.78,3/31/2021,22,burger
546,Melisa Roseborough,57,mroseboroughf5@tripadvisor.com,Philippines,3100,4,873.08,6/5/2020,22,burger
547,Nickey Mills,69,nmillsf6@goo.gl,Indonesia,,3,4107.39,7/10/2020,12,pasta
548,Sophia Pedder,37,spedderf7@biglobe.ne.jp,Russia,398526,4,5456.22,8/11/2020,12,pizza
549,Vitoria Shillinglaw,68,vshillinglawf8@sun.com,Sweden,701 91,4,2742.99,3/17/2020,9,pasta
550,Ileana Penlington,24,ipenlingtonf9@ted.com,Philippines,2725,4,8965.83,8/11/2020,20,burger
551,Mel Treherne,32,mtrehernefa@nasa.gov,China,,2,2315.34,11/7/2021,2,pizza
552,Terrye McDoual,35,tmcdoualfb@timesonline.co.uk,China,,3,5106.34,1/9/2020,3,pasta
553,Brana Jentet,64,bjentetfc@google.com,Philippines,4023,4,8420.69,10/25/2020,11,pizza
554,Tandi Revey,32,treveyfd@list-manage.com,China,,5,3648.17,12/16/2020,24,burger
555,Kory Spat,48,kspatfe@tuttocitta.it,Cuba,,4,6646.53,3/18/2020,8,pizza
556,Nahum Hellsdon,52,nhellsdonff@whitehouse.gov,Ecuador,,1,7980.5,3/11/2020,8,pasta
557,Ninnette Bohlin,85,nbohlinfg@privacy.gov.au,Venezuela,,5,895.86,6/10/2020,14,pasta
558,Mirabelle Kleinsmuntz,76,mkleinsmuntzfh@51.la,Indonesia,,5,1192.18,9/11/2020,14,pizza
559,Roi Whittle,72,rwhittlefi@edublogs.org,Croatia,52460,3,6175.89,3/25/2020,0,pizza
560,Boycey Sunley,67,bsunleyfj@google.it,Philippines,2203,1,7168.47,8/28/2021,10,pizza
561,Nomi Simmell,40,nsimmellfk@yahoo.co.jp,China,,3,124.78,1/15/2021,20,pizza
562,Roger Dunne,40,rdunnefl@linkedin.com,China,,5,2774.46,9/10/2021,2,pizza
563,Selena Andrez,27,sandrezfm@g.co,China,,5,1319.7,4/23/2020,13,pasta
564,Gavra Feldmus,30,gfeldmusfn@usda.gov,Brazil,96800-000,3,8564.64,7/18/2021,24,pizza
565,Gunter Prise,82,gprisefo@addtoany.com,United States,90005,2,3679.42,4/15/2020,15,pizza
566,Stirling Soares,38,ssoaresfp@woothemes.com,Iceland,240,2,257.78,12/21/2021,17,burger
567,Winslow Vanyard,74,wvanyardfq@engadget.com,Portugal,4730-560,1,1195.31,8/29/2020,5,burger
568,Desmund Dingle,77,ddinglefr@yale.edu,Angola,,3,3728.61,7/2/2021,8,pasta
569,Wenonah Burgott,39,wburgottfs@fc2.com,Russia,347502,5,649.87,8/10/2021,23,pasta
570,Jens Gligoraci,79,jgligoracift@list-manage.com,Indonesia,,3,3901.99,10/27/2021,8,burger
571,Freda Kasting,43,fkastingfu@kickstarter.com,Indonesia,,4,8994.59,3/25/2020,3,pasta
572,Ches Ingyon,61,cingyonfv@taobao.com,China,,2,7921.27,6/5/2021,21,pizza
573,Esmeralda Illem,26,eillemfw@networksolutions.com,Indonesia,,4,379.13,1/1/2020,7,pizza
574,Evangelin Goodright,20,egoodrightfx@ucoz.com,Philippines,7303,3,8268.64,5/4/2020,24,burger
575,Brnaby Dockwray,79,bdockwrayfy@howstuffworks.com,Philippines,6028,2,71.15,2/15/2021,8,pizza
576,Melany Figura,57,mfigurafz@reference.com,Madagascar,,3,7539.17,3/28/2020,2,pasta
577,Caril McGookin,21,cmcgooking0@economist.com,Finland,27860,1,8249.51,1/24/2021,19,pasta
578,Archambault Crudgington,57,acrudgingtong1@ucsd.edu,China,,1,6877.11,12/16/2021,4,burger
579,Casie Baggallay,41,cbaggallayg2@sbwire.com,Croatia,35400,5,9404.52,10/17/2020,2,pizza
580,Mercie Martschke,18,mmartschkeg3@t.co,Sweden,101 37,3,4956.13,11/13/2021,1,pasta
581,Roseanne Skippon,44,rskippong4@purevolume.com,Vietnam,,4,5087.1,11/9/2020,9,pizza
582,Pia Linster,81,plinsterg5@oaic.gov.au,Azerbaijan,,3,8809.11,12/29/2020,13,pasta
583,Feliza Empleton,37,fempletong6@berkeley.edu,Norway,1257,4,806.55,9/25/2021,8,pizza
584,Daffi Chidwick,42,dchidwickg7@chronoengine.com,Russia,412545,3,6746.28,11/30/2021,10,pasta
585,Theobald Newey,40,tneweyg8@issuu.com,Finland,09120,2,2410.48,7/14/2020,9,burger
586,Clarey Wedgwood,18,cwedgwoodg9@gnu.org,Portugal,9630-189,4,9781.04,11/27/2020,20,burger
587,Brandie Skalls,47,bskallsga@artisteer.com,China,,1,8708.74,5/3/2020,13,pasta
588,Tracy Perri,26,tperrigb@paypal.com,China,,1,1111.05,8/18/2020,20,burger
589,Parrnell Ritelli,41,pritelligc@nytimes.com,Colombia,250848,4,3237.87,8/26/2020,19,burger
590,Albertine Habeshaw,50,ahabeshawgd@bloomberg.com,Israel,,4,5019.93,6/11/2021,6,pizza
591,Carma Hussy,68,chussyge@drupal.org,Indonesia,,1,8058.54,7/3/2020,11,pasta
592,Coralie Holdey,46,choldeygf@un.org,Russia,397229,5,5920.67,12/11/2020,21,pizza
593,Cookie Winnard,57,cwinnardgg@wordpress.com,Laos,,3,1912.82,8/2/2020,8,burger
594,Abbe Furness,49,afurnessgh@ezinearticles.com,Canada,G3Z,5,6801.13,5/22/2021,22,pizza
595,Renell Copestake,30,rcopestakegi@hugedomains.com,Philippines,7402,1,9385.45,1/31/2021,18,pizza
596,Dory Tourry,70,dtourrygj@foxnews.com,Argentina,5125,1,5695.67,5/9/2021,0,pizza
597,John Munday,66,jmundaygk@scribd.com,Greece,,3,4914.16,11/6/2020,8,burger
598,Vaughn Boyce,31,vboycegl@sitemeter.com,Chile,,5,6203.51,5/10/2020,7,burger
599,Remus Aickin,73,raickingm@pagesperso-orange.fr,Colombia,523047,5,9797.08,2/16/2020,24,burger
600,Ulrica Thomel,50,uthomelgn@instagram.com,Micronesia,,4,4283.86,9/3/2021,4,burger
601,Trefor Ornillos,28,tornillosgo@canalblog.com,Myanmar,,3,3753.26,4/3/2021,14,pizza
602,Daria Brimelow,66,dbrimelowgp@eepurl.com,Colombia,176048,5,2264.34,4/1/2020,14,pasta
603,Sella Griffin,85,sgriffingq@photobucket.com,Philippines,5105,2,4153.43,1/9/2020,18,burger
604,Fonsie Ashness,57,fashnessgr@telegraph.co.uk,Albania,,1,4829.26,9/23/2021,19,burger
605,Rochester Gebbie,77,rgebbiegs@reference.com,China,,4,2418.03,2/7/2021,9,pizza
606,Ekaterina Orts,73,eortsgt@1688.com,China,,4,9879.21,1/8/2021,12,burger
607,Paddie Simonard,39,psimonardgu@yandex.ru,Thailand,67110,5,2610.27,5/2/2020,7,burger
608,Paolo Yelyashev,39,pyelyashevgv@buzzfeed.com,Indonesia,,1,479.92,9/1/2020,19,pasta
609,Arie Earwicker,59,aearwickergw@paginegialle.it,Netherlands,1094,3,4698.64,6/27/2021,3,pizza
610,Ricky Foottit,44,rfoottitgx@buzzfeed.com,United States,20784,1,8265.21,2/15/2021,15,burger
611,Enrica Timms,35,etimmsgy@altervista.org,China,,4,2241.76,10/17/2021,2,pasta
612,Livvie Crame,54,lcramegz@arstechnica.com,Colombia,056468,2,353.56,4/5/2020,8,burger
613,Dre Dearden,57,ddeardenh0@smugmug.com,Tajikistan,,2,2893.65,3/30/2021,22,pizza
614,Malorie Edmons,58,medmonsh1@amazonaws.com,Netherlands,7554,4,1723.22,7/12/2021,22,pizza
615,Kendre Meaking,27,kmeakingh2@histats.com,Canada,K8B,4,649.62,4/21/2020,12,pizza
616,Yovonnda Mumby,75,ymumbyh3@naver.com,United States,94622,3,6483.34,12/23/2020,1,pizza
617,Rudyard Deam,45,rdeamh4@redcross.org,Brazil,95860-000,4,6849.98,6/17/2020,3,pasta
618,Patton Fines,34,pfinesh5@freewebs.com,Uruguay,,2,6107.79,11/18/2021,5,burger
619,Shell Wadly,64,swadlyh6@ebay.com,China,,1,752.35,5/15/2021,8,pasta
620,Felice Yeatman,20,fyeatmanh7@about.me,Philippines,1470,3,3583.79,4/1/2021,14,burger
621,Amandi Gilbart,63,agilbarth8@who.int,Thailand,43150,3,7227.51,2/6/2020,19,burger
622,Alyss Beecraft,18,abeecrafth9@biglobe.ne.jp,Brazil,85770-000,5,7228.35,11/25/2021,22,pasta
623,Kirstin Alliker,35,kallikerha@psu.edu,Paraguay,,4,9045.12,8/18/2021,7,pasta
624,Bram Hargey,39,bhargeyhb@twitter.com,Indonesia,,5,8833.28,4/17/2021,8,pasta
625,Leonanie Gilhoolie,29,lgilhooliehc@cocolog-nifty.com,Nigeria,,3,5859.53,5/17/2021,22,burger
626,Idette St Angel,21,isthd@china.com.cn,New Zealand,3144,3,7884.94,8/6/2020,6,burger
627,Ardella Barok,35,abarokhe@wsj.com,Brazil,77993-000,3,3058.65,5/7/2020,20,burger
628,Georgy McClymond,44,gmcclymondhf@buzzfeed.com,Cyprus,,2,3208.88,11/19/2020,12,pasta
629,Jennie Heningham,69,jheninghamhg@opera.com,United States,95194,3,1024.0,10/24/2021,6,pizza
630,Kerby Birt,65,kbirthh@bandcamp.com,China,,4,5013.96,12/27/2021,12,burger
631,Dori Grainger,58,dgraingerhi@vinaora.com,Indonesia,,1,8273.37,8/23/2021,1,pasta
632,Rollo Gencke,25,rgenckehj@newyorker.com,China,,1,1403.75,5/16/2020,12,pasta
633,Fletcher Barnbrook,20,fbarnbrookhk@microsoft.com,China,,1,7755.86,5/2/2021,17,pizza
634,Jake Davenhill,62,jdavenhillhl@theatlantic.com,Poland,42-284,2,7863.64,3/1/2021,11,burger
635,Rycca Whitehurst,67,rwhitehursthm@theatlantic.com,Armenia,,3,8050.37,7/20/2020,1,pasta
636,Ricoriki Ludl,40,rludlhn@t.co,China,,3,735.39,5/9/2021,8,burger
637,Kali Hazelton,81,khazeltonho@webeden.co.uk,China,,5,1730.27,4/20/2020,21,burger
638,Julee Catlette,69,jcatlettehp@state.tx.us,Philippines,6217,1,8375.62,4/19/2020,17,pasta
639,Wilfrid Ayerst,66,wayersthq@businesswire.com,Morocco,,2,6522.69,10/23/2020,23,burger
640,Waldo Winscum,34,wwinscumhr@cocolog-nifty.com,United States,89519,4,3242.01,11/6/2021,22,burger
641,Isadore Worshall,74,iworshallhs@whitehouse.gov,Slovenia,3224,3,4531.72,12/13/2020,7,pizza
642,Vincent Hulatt,44,vhulattht@tinypic.com,Indonesia,,5,2796.79,6/13/2021,14,pizza
643,Jeana Risen,18,jrisenhu@upenn.edu,Yemen,,5,7905.01,1/5/2020,13,pizza
644,Jaymee Davoren,72,jdavorenhv@blinklist.com,Kosovo,,2,7030.59,1/28/2020,7,burger
645,Catlaina Gaiford,61,cgaifordhw@fda.gov,Czech Republic,566 01,2,3594.39,11/26/2021,12,pasta
646,Ninnette Phizackerly,72,nphizackerlyhx@illinois.edu,Ukraine,,4,4170.74,3/24/2020,24,burger
647,Morty Gosnall,41,mgosnallhy@sphinn.com,China,,5,9258.26,5/30/2021,15,pasta
648,Krisha Rowbrey,79,krowbreyhz@paginegialle.it,Indonesia,,3,4989.38,4/22/2021,12,pasta
649,Wanids Kellert,58,wkellerti0@imgur.com,Japan,309-1127,5,8420.83,3/31/2021,14,burger
650,Frieda St Pierre,61,fsti1@reuters.com,Philippines,5040,1,5286.57,10/31/2021,8,pizza
651,Ruprecht Caldow,67,rcaldowi2@redcross.org,France,91309 CEDEX,3,7600.5,2/5/2020,22,pasta
652,Andros Curtain,82,acurtaini3@alexa.com,Portugal,4625-604,2,2842.8,7/15/2020,23,pasta
653,Letisha Ruoss,50,lruossi4@phpbb.com,Indonesia,,5,855.9,7/21/2021,0,burger
654,Angeli Atherton,64,aathertoni5@oracle.com,China,,3,881.08,10/6/2021,20,pasta
655,Siobhan Coltart,62,scoltarti6@cyberchimps.com,New Zealand,4820,5,6580.39,4/4/2021,4,pizza
656,Honor Malling,48,hmallingi7@umn.edu,Thailand,10260,4,8247.98,3/7/2020,7,burger
657,Kaye Hryskiewicz,64,khryskiewiczi8@go.com,Norway,1177,1,5556.25,7/21/2021,12,pizza
658,Raoul Shapiro,74,rshapiroi9@slate.com,Morocco,,4,7358.36,6/29/2020,24,pizza
659,Stefa Brussell,85,sbrussellia@networkadvertising.org,Myanmar,,3,7008.86,12/1/2020,4,pasta
660,Mellie Behninck,79,mbehninckib@slashdot.org,Indonesia,,3,6907.73,4/14/2021,8,pizza
661,Josefina Eilles,78,jeillesic@qq.com,China,,3,7871.93,11/24/2021,20,pasta
662,Gratia Bibey,28,gbibeyid@wired.com,Indonesia,,1,6134.29,10/4/2021,5,pizza
663,Edy Welburn,72,ewelburnie@opensource.org,Honduras,,5,217.37,1/7/2020,10,pasta
664,Jennie Leathart,52,jleathartif@drupal.org,Bosnia and Herzegovina,,5,4700.04,12/28/2021,4,pizza
665,Basil Dolan,74,bdolanig@t-online.de,Portugal,2785-581,4,7188.62,4/3/2021,23,pasta
666,Dominique Adrain,60,dadrainih@linkedin.com,Indonesia,,2,8820.43,6/4/2020,5,pasta
667,Cecilius McGaugey,20,cmcgaugeyii@csmonitor.com,Russia,671331,2,1988.29,3/26/2020,15,pizza
668,Barry Frantz,66,bfrantzij@prlog.org,Mexico,83344,1,30.66,9/5/2020,0,pasta
669,Garrek Sturr,57,gsturrik@hugedomains.com,Poland,47-470,3,5057.59,6/23/2020,6,pizza
670,Kevina Steffens,37,ksteffensil@indiatimes.com,China,,5,9292.67,3/10/2021,5,pasta
671,Magdaia McHaffy,59,mmchaffyim@cocolog-nifty.com,Indonesia,,3,8184.82,2/11/2021,22,burger
672,Bryant Josephson,27,bjosephsonin@opensource.org,Ethiopia,,1,1012.02,7/19/2020,20,pizza
673,Myra D'Agostini,31,mdagostiniio@webmd.com,Jamaica,,4,9093.61,4/25/2021,16,burger
674,Adan Sparry,43,asparryip@mtv.com,Sweden,682 33,4,9897.53,8/23/2020,14,pasta
675,Johnnie Hemerijk,72,jhemerijkiq@zimbio.com,Serbia,,3,9186.94,3/31/2020,0,pasta
676,Allie Steven,56,astevenir@geocities.jp,Poland,06-102,2,4450.46,12/18/2021,24,pizza
677,Easter Pawelczyk,71,epawelczykis@google.it,China,,2,8021.67,4/30/2020,4,pasta
678,Lyn McLise,47,lmcliseit@omniture.com,Philippines,9217,2,1586.7,6/1/2021,23,pasta
679,Caro Du Barry,20,cduiu@jugem.jp,Palestinian Territory,,2,4490.29,3/24/2021,2,burger
680,Lynelle Martusov,58,lmartusoviv@cam.ac.uk,China,,1,274.43,6/8/2021,16,pizza
681,Edgard Iacovucci,73,eiacovucciiw@hud.gov,Kenya,,4,1144.45,4/17/2020,12,pasta
682,Billie Kordova,38,bkordovaix@theglobeandmail.com,Russia,461173,4,7769.19,5/21/2020,5,pizza
683,Sadella Chesnay,71,schesnayiy@jugem.jp,Philippines,2211,4,9961.98,8/25/2020,10,pizza
684,Dasie Shalloo,55,dshallooiz@wired.com,Colombia,735538,4,1427.28,12/16/2020,15,pizza
685,Shelagh Fourmy,68,sfourmyj0@howstuffworks.com,Sweden,375 90,4,2139.36,1/31/2021,2,pizza
686,Joyce Nazareth,24,jnazarethj1@sogou.com,Greece,,2,8722.74,11/7/2021,5,pasta
687,Shayla O'Driscole,37,sodriscolej2@ebay.co.uk,Ivory Coast,,4,128.9,6/26/2021,21,pizza
688,Marthe Chapellow,46,mchapellowj3@ucoz.com,Russia,453444,5,6104.58,10/22/2020,4,burger
689,Kally Windas,28,kwindasj4@ovh.net,Peru,,2,4784.15,1/20/2021,10,pizza
690,Margi Kerner,35,mkernerj5@aol.com,Cameroon,,3,303.17,3/3/2020,5,pasta
691,Flora de Keyser,32,fdej6@dion.ne.jp,Indonesia,,3,1618.29,10/9/2021,1,burger
692,Gayla Gosnall,52,ggosnallj7@weibo.com,Philippines,5815,2,2135.17,6/4/2020,19,pizza
693,Thorvald Coulton,38,tcoultonj8@utexas.edu,China,,3,3316.74,7/17/2020,11,pasta
694,Mandel Dewar,57,mdewarj9@ifeng.com,United States,19125,1,8152.52,6/11/2021,15,pizza
695,Meier Nickels,26,mnickelsja@youtu.be,Japan,969-1513,2,5856.31,10/29/2020,10,pasta
696,Early Larmour,79,elarmourjb@nhs.uk,French Polynesia,,1,6298.54,11/25/2021,15,burger
697,Nikkie Barizeret,79,nbarizeretjc@so-net.ne.jp,Italy,09124,2,2592.79,5/10/2021,9,pizza
698,Darryl Pelosi,37,dpelosijd@smugmug.com,Ukraine,,1,7171.72,10/26/2021,2,burger
699,Rhetta Skey,78,rskeyje@whitehouse.gov,Iran,,5,5097.74,12/3/2021,17,pizza
700,Lorry Borges,31,lborgesjf@umn.edu,China,,4,8713.65,7/13/2020,4,pasta
701,Cassandra Chifney,66,cchifneyjg@rakuten.co.jp,France,75643 CEDEX 13,3,4556.08,5/26/2021,0,pasta
702,Roderic Blomefield,53,rblomefieldjh@1und1.de,Argentina,3109,5,3800.99,10/1/2021,22,burger
703,Guillaume Albrooke,79,galbrookeji@google.co.jp,Ukraine,,5,8148.6,5/28/2021,10,burger
704,Trula Doram,73,tdoramjj@cloudflare.com,Russia,307740,1,2573.23,11/25/2021,3,burger
705,Tye Puddin,83,tpuddinjk@addtoany.com,Indonesia,,4,9067.8,4/17/2021,4,burger
706,Maryjane Wands,23,mwandsjl@about.me,Indonesia,,5,3901.77,3/2/2021,5,burger
707,Judd Mollnar,55,jmollnarjm@noaa.gov,Poland,27-423,3,3783.98,3/2/2021,22,burger
708,Annabella Tissell,42,atisselljn@goo.ne.jp,Sweden,725 96,5,4077.39,12/3/2021,11,pasta
709,Delmor Vasilevich,42,dvasilevichjo@etsy.com,Afghanistan,,1,2263.95,5/31/2020,6,pizza
710,Ferne Holdin,22,fholdinjp@dmoz.org,Philippines,4335,4,9628.54,1/23/2021,1,pizza
711,Minor Willeman,36,mwillemanjq@dagondesign.com,Thailand,90140,5,3996.63,3/9/2021,0,pizza
712,Kerstin Sterre,33,ksterrejr@i2i.jp,China,,4,1435.12,5/17/2020,1,pasta
713,Zebedee Fassan,31,zfassanjs@baidu.com,Ukraine,,3,586.89,6/21/2021,20,pasta
714,Ernestus Maciejak,22,emaciejakjt@drupal.org,Philippines,1135,1,6338.82,6/29/2021,19,pasta
715,Chlo Huke,25,chukeju@nymag.com,China,,2,2318.27,9/11/2020,3,burger
716,Forest Andrieu,73,fandrieujv@blogs.com,China,,5,646.88,12/12/2020,13,burger
717,Drud Berrecloth,56,dberreclothjw@php.net,Argentina,8109,1,1760.62,6/15/2020,10,pasta
718,Dana Peschke,80,dpeschkejx@about.com,Mali,,4,8822.08,7/2/2020,1,burger
719,Edouard Schimann,53,eschimannjy@dailymail.co.uk,Kenya,,2,1632.18,9/19/2021,16,pasta
720,Vivian Rowly,54,vrowlyjz@sohu.com,Indonesia,,1,24.13,5/13/2021,13,pizza
721,Janek Wordley,47,jwordleyk0@icq.com,China,,5,4666.01,7/14/2020,2,burger
722,Alford Aspenlon,34,aaspenlonk1@arizona.edu,Indonesia,,3,8197.27,6/10/2020,6,burger
723,Tod Ceaser,41,tceaserk2@admin.ch,Indonesia,,3,2502.31,8/22/2020,8,burger
724,Angie Seabert,54,aseabertk3@japanpost.jp,China,,5,2049.72,11/18/2020,6,pizza
725,Clint Coultass,21,ccoultassk4@amazon.co.uk,Honduras,,5,7112.29,11/6/2020,12,pasta
726,Teodor Banfill,77,tbanfillk5@canalblog.com,United States,96825,5,5469.4,7/31/2021,18,pasta
727,De witt Ivison,60,dwittk6@eventbrite.com,Jamaica,,2,7532.73,12/27/2020,15,burger
728,Evanne Leaburn,84,eleaburnk7@ning.com,Tanzania,,1,3340.81,6/18/2021,22,pasta
729,Murial Ashling,64,mashlingk8@mayoclinic.com,Sweden,442 53,3,9371.27,3/2/2021,20,pizza
730,Skye Priscott,31,spriscottk9@reverbnation.com,France,27929 CEDEX 9,4,5098.08,5/2/2020,9,pasta
731,Francesca McNelly,63,fmcnellyka@cyberchimps.com,Peru,,5,1992.91,1/26/2021,1,burger
732,Sol Holberry,22,sholberrykb@twitter.com,China,,2,6253.69,12/8/2020,5,pizza
733,Floyd Backson,78,fbacksonkc@freewebs.com,Indonesia,,3,5675.23,9/3/2021,17,pasta
734,Lilias Lamba,63,llambakd@msu.edu,United States,60674,5,5562.24,12/6/2020,21,pizza
735,Andrea Draisey,36,adraiseyke@sbwire.com,France,77794 CEDEX,5,7956.21,5/24/2021,16,pasta
736,Livy Hearse,49,lhearsekf@goo.ne.jp,France,64080 CEDEX,2,7631.09,1/21/2021,12,burger
737,Lila Arnout,56,larnoutkg@statcounter.com,Moldova,MD-5233,4,2656.89,1/6/2020,13,burger
738,Julio Dolling,57,jdollingkh@utexas.edu,Czech Republic,671 71,3,6907.35,1/30/2021,0,burger
739,Helsa Haensel,28,hhaenselki@sphinn.com,China,,3,4553.58,2/8/2020,24,burger
740,Jameson Cusick,46,jcusickkj@alibaba.com,China,,4,179.52,3/21/2020,9,pasta
741,Tiphany Waterfall,25,twaterfallkk@pagesperso-orange.fr,Greece,,5,6144.32,8/29/2021,5,pasta
742,Francisco Phifer,30,fphiferkl@nifty.com,China,,1,6954.41,5/6/2020,23,burger
743,Maxine Dreamer,82,mdreamerkm@bbb.org,Czech Republic,566 01,2,9457.13,4/7/2020,16,pasta
744,Niccolo Gilfoy,23,ngilfoykn@yahoo.co.jp,Kenya,,1,3925.88,3/1/2020,19,burger
745,Roxine Arstingall,72,rarstingallko@dedecms.com,Portugal,2500-772,2,3095.07,3/4/2021,13,pasta
746,Tobiah Rivenzon,64,trivenzonkp@mashable.com,United States,11480,2,9531.48,12/16/2021,23,pasta
747,Almeria Lagadu,54,alagadukq@istockphoto.com,Honduras,,2,5047.51,8/13/2021,18,pizza
748,Rancell Pendleton,32,rpendletonkr@nhs.uk,Armenia,,1,203.35,9/18/2021,3,burger
749,Midge Pritchitt,63,mpritchittks@goo.gl,China,,4,7775.67,3/12/2020,24,pizza
750,Iorgo Crossland,76,icrosslandkt@cam.ac.uk,Philippines,4611,2,6544.32,11/28/2020,2,pasta
751,Jedd Mansion,50,jmansionku@sphinn.com,Czech Republic,747 44,3,2555.73,12/6/2020,20,pasta
752,Reynolds Kippin,70,rkippinkv@amazon.co.jp,Indonesia,,4,6606.48,5/24/2021,0,pasta
753,Kelbee Korn,71,kkornkw@cocolog-nifty.com,Venezuela,,1,5609.86,12/6/2021,15,burger
754,Seamus Beams,80,sbeamskx@diigo.com,Bosnia and Herzegovina,,4,4139.17,4/10/2021,11,burger
755,Adriana Warrack,63,awarrackky@smugmug.com,France,11020 CEDEX,5,6448.87,3/31/2021,0,pasta
756,Kippy Romagosa,35,kromagosakz@etsy.com,Malaysia,88628,4,4206.79,9/1/2020,7,burger
757,Will Ramel,83,wramell0@tuttocitta.it,Slovenia,2256,1,8456.62,8/10/2020,15,pasta
758,Filippa Mainstone,42,fmainstonel1@chronoengine.com,China,,5,4081.01,3/3/2021,15,pasta
759,Lesli Clausius,60,lclausiusl2@usnews.com,Philippines,8715,1,6741.76,8/23/2020,5,burger
760,Desiree Ikringill,76,dikringilll3@sakura.ne.jp,Philippines,6006,4,9618.49,1/1/2021,2,burger
761,Therine Hoston,51,thostonl4@wufoo.com,China,,2,6674.29,7/13/2020,9,burger
762,Aleen Meineken,52,ameinekenl5@ucoz.com,Vietnam,,3,3649.92,10/22/2020,4,pizza
763,Yard Morter,72,ymorterl6@360.cn,Japan,731-1515,1,3180.64,8/20/2020,0,burger
764,Loy Fullagar,55,lfullagarl7@feedburner.com,Bolivia,,5,5854.17,5/8/2020,21,pizza
765,Mildred Mulrean,71,mmulreanl8@yelp.com,Czech Republic,691 08,4,8138.96,6/9/2021,16,pasta
766,Karin Goater,69,kgoaterl9@artisteer.com,China,,2,5679.97,6/30/2020,8,pasta
767,Lionello Abrashkov,36,labrashkovla@gravatar.com,Japan,369-1241,3,2819.09,5/24/2021,0,pasta
768,Myron Sergean,37,msergeanlb@live.com,Ghana,,5,8070.37,3/9/2021,4,pasta
769,Brina Gavrielly,59,bgavriellylc@google.ru,Sweden,314 32,4,3966.29,10/13/2021,7,pizza
770,Krystle Doggerell,65,kdoggerellld@indiatimes.com,Russia,197730,3,3964.21,7/19/2021,2,pizza
771,Chet Forsyde,64,cforsydele@ocn.ne.jp,Argentina,2426,3,3256.42,10/3/2020,14,burger
772,Moshe Frediani,37,mfredianilf@bluehost.com,Indonesia,,4,3483.61,8/29/2020,13,burger
773,Morgen Gockelen,34,mgockelenlg@amazon.de,Uganda,,5,3079.99,4/21/2020,14,burger
774,Scarlet Bromige,66,sbromigelh@boston.com,New Zealand,4820,1,3839.53,4/26/2021,9,burger
775,Carmine Keays,39,ckeaysli@yelp.com,Kosovo,,2,4251.14,2/19/2020,20,pasta
776,Shelagh Buscher,74,sbuscherlj@webeden.co.uk,Pakistan,69350,5,6426.82,10/16/2021,23,pizza
777,Darryl Stook,43,dstooklk@apple.com,China,,4,8175.27,4/6/2021,15,pasta
778,Phip Redmile,27,predmilell@weibo.com,United States,63169,2,821.58,8/2/2020,4,pasta
779,Goober Clemendot,37,gclemendotlm@g.co,China,,1,4599.54,10/1/2020,5,pasta
780,Lanie Grant,56,lgrantln@about.me,Poland,36-200,1,3637.04,12/5/2020,23,pizza
781,Niko Kimberley,66,nkimberleylo@themeforest.net,Indonesia,,1,1310.1,10/30/2021,6,pasta
782,Aharon Paoloni,39,apaolonilp@unicef.org,Russia,422920,1,3386.28,6/17/2021,21,pasta
783,Jacintha Jacmard,54,jjacmardlq@ucla.edu,Pakistan,67131,5,5963.15,12/14/2021,20,burger
784,Bea Castelli,71,bcastellilr@miitbeian.gov.cn,South Africa,6150,1,6194.24,6/5/2021,22,pizza
785,Verine Olufsen,26,volufsenls@scribd.com,Greece,,2,773.46,3/24/2021,16,pizza
786,Bobinette Stewartson,28,bstewartsonlt@ifeng.com,Indonesia,,1,5173.58,1/21/2021,5,pizza
787,Ardelis Goudy,47,agoudylu@un.org,Brazil,59680-000,4,1577.84,2/16/2021,19,pasta
788,Chad Burree,76,cburreelv@unblog.fr,Brazil,69470-000,4,7983.57,7/22/2020,15,burger
789,Catrina Blose,44,cbloselw@wikispaces.com,China,,5,7117.95,8/21/2020,16,pizza
790,Allison Waldrum,27,awaldrumlx@webeden.co.uk,Russia,457031,4,7535.45,11/24/2020,18,pizza
791,Brenn Korn,21,bkornly@msu.edu,Brazil,37130-000,1,84.13,6/4/2021,16,pizza
792,Muire Burth,60,mburthlz@histats.com,Peru,,5,1167.53,1/1/2020,15,burger
793,Maxie Pilfold,53,mpilfoldm0@gravatar.com,Sweden,826 31,3,7732.7,10/17/2021,14,burger
794,Leanora Tough,75,ltoughm1@gizmodo.com,China,,2,8082.85,7/22/2020,2,burger
795,Brant Reven,31,brevenm2@zdnet.com,Mongolia,,4,7925.81,5/26/2021,15,pizza
796,Alissa Aldins,30,aaldinsm3@hugedomains.com,Japan,779-3601,1,397.75,6/28/2021,20,burger
797,Angus Clell,43,aclellm4@rambler.ru,Indonesia,,5,2003.62,12/3/2020,15,pasta
798,Tim Snarie,81,tsnariem5@hexun.com,China,,5,4613.97,9/8/2021,23,burger
799,Randee Capaldo,42,rcapaldom6@newyorker.com,Indonesia,,5,1909.25,10/15/2021,3,pasta
800,Gerianna Drillingcourt,36,gdrillingcourtm7@miitbeian.gov.cn,Poland,06-120,2,8405.71,8/9/2021,24,pizza
801,Phip Korbmaker,39,pkorbmakerm8@seesaa.net,Argentina,2121,3,4492.18,5/30/2021,13,burger
802,Sawyere Colclough,58,scolcloughm9@live.com,Ukraine,,2,4217.41,8/10/2020,18,pasta
803,Thor Clemoes,73,tclemoesma@netlog.com,Greece,,3,1765.21,2/7/2020,4,burger
804,Henry Dring,32,hdringmb@wordpress.com,Argentina,5174,5,6238.9,6/10/2021,22,burger
805,Cordie Piatek,39,cpiatekmc@craigslist.org,China,,5,6584.1,4/4/2020,13,burger
806,Des Hernik,24,dhernikmd@google.com,United States,70187,2,1328.09,1/20/2020,5,burger
807,Torrey Forrestall,53,tforrestallme@123-reg.co.uk,Moldova,MD-6214,1,9929.97,5/16/2020,24,pasta
808,Stephanus Mowbury,48,smowburymf@jalbum.net,Philippines,9024,1,1938.16,1/17/2020,3,burger
809,Brittne Langtree,70,blangtreemg@comsenz.com,Ecuador,,1,9475.37,10/4/2021,7,pasta
810,Arin Napton,85,anaptonmh@wix.com,United States,28815,1,1130.95,11/29/2021,24,burger
811,Aldin Purcell,81,apurcellmi@purevolume.com,Trinidad and Tobago,,1,7771.84,4/23/2020,22,pizza
812,Gaile Edinborough,46,gedinboroughmj@google.it,Russia,197738,1,4378.95,2/6/2020,11,pasta
813,Lynnelle Axton,31,laxtonmk@bloglines.com,Netherlands,3994,5,2138.21,4/24/2020,13,burger
814,Virgilio Olexa,56,volexaml@mit.edu,Indonesia,,2,972.81,5/28/2021,5,pasta
815,Rosita Blumer,35,rblumermm@bbc.co.uk,Poland,82-103,4,3687.31,7/31/2020,9,pizza
816,Lucia Greatrakes,76,lgreatrakesmn@oaic.gov.au,Cameroon,,2,9043.24,5/16/2021,9,pasta
817,Tarrah Hilbourne,30,thilbournemo@va.gov,Venezuela,,4,6677.0,6/18/2021,12,pasta
818,Adelaida Benthall,73,abenthallmp@amazon.de,Argentina,5590,2,2299.91,2/11/2020,8,burger
819,Cynthia Benit,53,cbenitmq@sun.com,Russia,664540,5,2472.87,5/12/2020,22,burger
820,Torey Doughtery,54,tdoughterymr@youtube.com,Indonesia,,1,51.2,12/26/2021,2,pasta
821,Verina Hancox,39,vhancoxms@themeforest.net,Moldova,MD-5519,4,3178.15,12/2/2021,2,pizza
822,Krishna Roddan,26,kroddanmt@mapquest.com,France,59100,3,4906.98,7/16/2021,8,burger
823,Ludovico Rydzynski,39,lrydzynskimu@furl.net,China,,2,3468.34,4/30/2021,2,pizza
824,Lora Dayborne,25,ldaybornemv@state.gov,Philippines,3110,4,5184.27,1/5/2020,23,pizza
825,Gerhard Connew,59,gconnewmw@nbcnews.com,China,,3,7509.62,1/28/2020,9,burger
826,Rabi Vanderson,43,rvandersonmx@slashdot.org,China,,2,8894.13,3/18/2020,24,pasta
827,Bobinette Kuhlen,63,bkuhlenmy@drupal.org,Norway,3027,1,6384.3,1/3/2020,0,pasta
828,Pavel Maddocks,69,pmaddocksmz@lycos.com,Indonesia,,5,8111.84,7/23/2021,21,burger
829,Noami Wegner,37,nwegnern0@dropbox.com,Russia,368997,5,9824.92,2/9/2021,14,pizza
830,Alissa Draisey,79,adraiseyn1@constantcontact.com,Peru,,2,5069.6,2/17/2020,17,pizza
831,Eba Skinn,29,eskinnn2@examiner.com,Ukraine,,1,5625.81,9/11/2021,21,pasta
832,Alfred Grigoryev,41,agrigoryevn3@prweb.com,China,,5,2092.6,1/17/2020,11,pizza
833,Pincus Chace,28,pchacen4@newsvine.com,Latvia,,4,4555.66,2/19/2021,2,pizza
834,Natalee Strowthers,45,nstrowthersn5@moonfruit.com,Russia,216210,1,4642.25,9/23/2020,3,pasta
835,Zachary Swinfen,81,zswinfenn6@booking.com,Ukraine,,1,3200.75,9/14/2020,17,pizza
836,Nadia Napton,37,nnaptonn7@vkontakte.ru,China,,4,6433.02,10/11/2020,13,pasta
837,Urbain Costanza,19,ucostanzan8@epa.gov,Uruguay,,4,8484.56,7/31/2021,8,pasta
838,Dylan Garbar,67,dgarbarn9@cdbaby.com,Philippines,5319,3,922.97,5/27/2021,23,pizza
839,Deina London,23,dlondonna@unicef.org,France,02104 CEDEX,2,9488.44,9/3/2020,11,burger
840,Lillis Shimon,51,lshimonnb@google.es,United Arab Emirates,,1,3553.27,5/25/2021,18,burger
841,Hephzibah Billing,45,hbillingnc@youku.com,China,,1,1850.7,3/1/2020,13,pasta
842,Ellsworth Spybey,66,espybeynd@homestead.com,China,,4,4292.67,2/29/2020,16,pizza
843,Hadley Spacy,54,hspacyne@shop-pro.jp,Thailand,14150,1,709.82,11/9/2020,19,pizza
844,Chaddie Roderick,71,crodericknf@blinklist.com,French Polynesia,,2,693.54,6/22/2021,2,pizza
845,My Helsby,36,mhelsbyng@senate.gov,Russia,142452,1,6219.49,5/18/2020,0,pasta
846,Cointon Fraczak,35,cfraczaknh@ning.com,China,,5,7414.51,2/20/2020,10,burger
847,Jerry Pedreschi,74,jpedreschini@constantcontact.com,China,,2,5826.28,4/20/2020,9,burger
848,Belinda Peyes,57,bpeyesnj@disqus.com,Jordan,,3,6970.97,12/15/2020,19,burger
849,Barris Stoving,70,bstovingnk@fastcompany.com,Peru,,4,9001.05,8/12/2021,24,pizza
850,Bryna Leaman,48,bleamannl@ebay.co.uk,Portugal,4505-224,4,6067.67,8/28/2021,20,pizza
851,Grazia Streeter,28,gstreeternm@tripadvisor.com,China,,3,785.99,6/8/2020,10,pizza
852,Germayne Lumber,41,glumbernn@cdc.gov,Ireland,P56,2,5598.11,10/19/2021,8,burger
853,Dilan Ruseworth,34,druseworthno@free.fr,Greece,,3,9357.44,7/8/2021,20,burger
854,Bobbe Weagener,22,bweagenernp@mapquest.com,France,06073 CEDEX 1,1,988.2,6/24/2021,9,pasta
855,Agatha Cawthery,56,acawtherynq@is.gd,China,,4,8065.21,2/22/2021,6,pasta
856,Maryjane Yurocjhin,65,myurocjhinnr@npr.org,Philippines,7300,4,7989.7,4/15/2020,6,pasta
857,Neddie Luparti,62,nlupartins@typepad.com,China,,4,4489.72,7/23/2021,3,pizza
858,Benni Cantua,52,bcantuant@springer.com,Ukraine,,1,6412.48,7/19/2021,6,burger
859,Floria Dwyer,73,fdwyernu@mysql.com,Philippines,6305,1,4943.58,9/10/2021,18,burger
860,Blayne Kerrey,51,bkerreynv@simplemachines.org,China,,2,3239.48,9/22/2020,14,pasta
861,Caro Lattey,68,clatteynw@elegantthemes.com,Thailand,41340,4,9947.43,8/10/2021,9,pasta
862,Zacherie Tucknott,34,ztucknottnx@google.fr,Tanzania,,1,8056.76,2/15/2021,3,pizza
863,Colline McGougan,50,cmcgouganny@microsoft.com,Iran,,4,3083.0,8/9/2021,19,burger
864,Rourke Celez,76,rceleznz@cyberchimps.com,Azerbaijan,,3,6498.16,10/19/2020,7,pizza
865,Ruthi Nekrews,65,rnekrewso0@twitter.com,Chile,,2,4357.46,2/19/2020,11,pasta
866,Sawyer Rangall,79,srangallo1@csmonitor.com,China,,4,9229.54,5/17/2021,7,pizza
867,Fionna McKinnell,52,fmckinnello2@thetimes.co.uk,Palestinian Territory,,4,8751.66,5/24/2021,9,pizza
868,Meridel Lombardo,46,mlombardoo3@bizjournals.com,Brazil,45870-000,1,1344.47,10/16/2021,3,pizza
869,Reed Grogona,76,rgrogonao4@tripadvisor.com,China,,4,3983.16,9/2/2020,16,pasta
870,Karlyn Penwarden,68,kpenwardeno5@pbs.org,Argentina,2322,2,9384.39,12/7/2020,17,pasta
871,Helen Meece,81,hmeeceo6@blogtalkradio.com,Belarus,,5,8498.44,11/27/2020,7,pizza
872,Farleigh Heath,84,fheatho7@mediafire.com,Ukraine,,4,1403.54,5/26/2020,9,pasta
873,Kary Casoni,69,kcasonio8@scribd.com,Russia,618548,2,673.75,5/18/2020,22,burger
874,Wynn Goalby,72,wgoalbyo9@google.co.uk,Philippines,2007,2,3137.35,1/5/2021,7,pasta
875,Pauly MacAdam,24,pmacadamoa@google.ca,China,,3,3204.31,6/23/2020,24,pizza
876,Heywood Ollett,38,hollettob@amazon.co.uk,Poland,80-893,3,777.98,3/20/2020,14,burger
877,Fern Castagneri,18,fcastagnerioc@timesonline.co.uk,Bulgaria,4999,1,6895.68,2/10/2020,20,burger
878,Tam Haggett,24,thaggettod@sun.com,Indonesia,,1,1883.06,1/16/2021,0,pasta
879,Harry Ricket,61,hricketoe@google.ru,Yemen,,4,8395.67,6/13/2021,22,burger
880,Brenden Keeves,20,bkeevesof@printfriendly.com,Honduras,,1,7169.59,6/26/2020,22,pasta
881,Annnora Linebarger,35,alinebargerog@stanford.edu,Russia,215807,1,8488.89,6/14/2021,1,burger
882,Bertine Spellman,63,bspellmanoh@businesswire.com,Georgia,,3,2272.11,10/13/2021,10,pasta
883,Dorelia Prys,67,dprysoi@alexa.com,Portugal,3460-710,2,3191.22,12/30/2020,10,pizza
884,Alisha Jansens,65,ajansensoj@mysql.com,New Zealand,2110,5,9003.31,8/29/2021,12,burger
885,Nadean Abrahamovitz,81,nabrahamovitzok@businessweek.com,China,,2,8533.55,1/7/2021,1,pizza
886,Joanne Titterell,47,jtitterellol@prweb.com,Russia,677907,5,300.47,8/1/2021,24,burger
887,Salvatore Furley,63,sfurleyom@wp.com,Afghanistan,,3,6889.5,3/7/2020,16,pasta
888,Mariette Snasel,63,msnaselon@ted.com,Finland,77570,5,7947.75,10/31/2021,10,pizza
889,Stepha Le Frank,79,sleoo@hugedomains.com,Sweden,462 87,3,4334.52,3/16/2021,7,pasta
890,Tommie Donahue,79,tdonahueop@squidoo.com,Italy,35141,3,6106.81,3/10/2021,5,pasta
891,Klarrisa Callow,35,kcallowoq@dot.gov,Japan,985-0862,4,8671.49,9/30/2020,23,burger
892,Norrie Gotmann,52,ngotmannor@bloglovin.com,China,,2,1473.83,12/25/2020,21,burger
893,Daniella Daingerfield,20,ddaingerfieldos@ehow.com,Portugal,2420-257,4,6007.38,8/23/2020,13,pasta
894,Valentine Zollner,40,vzollnerot@shop-pro.jp,China,,4,8445.48,8/16/2021,24,pasta
895,Rodrick Hairyes,36,rhairyesou@dropbox.com,Portugal,9760-055,1,4911.25,8/29/2020,7,burger
896,Perceval Sexstone,63,psexstoneov@accuweather.com,Germany,09123,2,9756.61,7/12/2020,6,pasta
897,Dallis Orpwood,52,dorpwoodow@quantcast.com,Afghanistan,,3,2072.21,10/12/2020,24,pasta
898,Jorry Vasyukhin,61,jvasyukhinox@washingtonpost.com,Vietnam,,1,5199.3,2/28/2020,12,pasta
899,Alyson Farnham,58,afarnhamoy@ca.gov,Jordan,,1,1946.66,9/16/2020,10,burger
900,Angus McKevin,45,amckevinoz@japanpost.jp,Norway,4610,4,5102.57,1/17/2021,4,pizza
901,Leisha Roper,27,lroperp0@thetimes.co.uk,China,,2,3356.68,4/22/2020,17,pasta
902,Antony Twigger,65,atwiggerp1@mit.edu,China,,2,6276.58,7/11/2020,13,burger
903,Clarie Cordie,56,ccordiep2@indiegogo.com,Guatemala,21002,4,8692.24,2/1/2021,15,burger
904,Nerissa Heine,18,nheinep3@intel.com,Russia,142855,2,1481.84,4/27/2021,7,burger
905,Filmore Cranny,54,fcrannyp4@icq.com,China,,4,8307.28,12/14/2020,6,pizza
906,Renado Figin,20,rfiginp5@buzzfeed.com,Philippines,4707,3,7217.87,9/14/2021,1,pizza
907,Damian Perocci,28,dperoccip6@acquirethisname.com,China,,3,2443.17,6/21/2020,21,pizza
908,Wallache Ferrer,72,wferrerp7@home.pl,Russia,142451,4,8833.2,5/9/2021,18,pasta
909,Jacky Paoloni,44,jpaolonip8@ask.com,Indonesia,,5,6699.78,2/8/2021,1,pasta
910,Shayna Abercrombie,49,sabercrombiep9@ed.gov,China,,5,8446.34,4/16/2020,22,pizza
911,Raquela Stiggles,59,rstigglespa@histats.com,Ecuador,,1,9809.7,9/13/2021,9,pasta
912,Franky Eede,68,feedepb@behance.net,Greece,,4,6072.04,12/26/2021,18,pasta
913,Harmonia Morpeth,58,hmorpethpc@privacy.gov.au,Morocco,,3,6115.46,10/30/2021,2,burger
914,Shandy Colleran,51,scolleranpd@bloomberg.com,China,,2,7416.25,10/9/2021,0,pasta
915,Roanne Jinda,59,rjindape@sourceforge.net,China,,2,587.78,12/24/2020,11,burger
916,Elora Headan,44,eheadanpf@salon.com,China,,2,7403.07,6/17/2020,13,pizza
917,Gisela Hurley,75,ghurleypg@bing.com,China,,1,3253.39,12/6/2021,22,burger
918,Gustavo Luard,62,gluardph@rambler.ru,Mexico,91539,3,6843.83,3/23/2020,19,pasta
919,Malynda Blythin,41,mblythinpi@sourceforge.net,Portugal,4640-301,5,7925.16,10/20/2020,10,pasta
920,Vernor Kivelhan,60,vkivelhanpj@deliciousdays.com,Russia,433762,4,9860.26,10/14/2020,8,pizza
921,Kelila Ashwin,25,kashwinpk@virginia.edu,Colombia,733048,1,4482.72,4/18/2020,22,pizza
922,Anneliese Long,20,alongpl@t.co,Indonesia,,1,9507.57,9/15/2021,0,pasta
923,Meris Luther,34,mlutherpm@apache.org,Indonesia,,2,4372.04,4/3/2021,8,pasta
924,Carlie Boni,33,cbonipn@elegantthemes.com,Canada,G7P,5,1807.47,7/10/2021,19,burger
925,Mersey Gahan,80,mgahanpo@amazon.co.uk,China,,4,8340.77,3/25/2021,9,pasta
926,Felicio Benedicte,35,fbenedictepp@virginia.edu,Ukraine,,5,2921.44,10/18/2020,20,burger
927,Gard Lain,66,glainpq@google.nl,Malaysia,93590,3,3564.39,7/20/2021,13,pizza
928,Lorna Machin,53,lmachinpr@angelfire.com,China,,2,5164.77,2/15/2021,5,pizza
929,Kassia Marrett,29,kmarrettps@reference.com,Sweden,542 73,1,2245.98,12/8/2021,1,pasta
930,Sibylle Hacon,55,shaconpt@chronoengine.com,China,,1,3280.81,1/31/2020,21,burger
931,Rosalyn Stigger,62,rstiggerpu@netscape.com,Brazil,98700-000,3,9378.51,9/16/2020,13,pizza
932,Roselin De La Haye,41,rdepv@ask.com,China,,1,3743.35,1/5/2020,12,burger
933,Lorene Parsonage,33,lparsonagepw@sogou.com,France,78294 CEDEX,2,5485.95,3/12/2021,8,pizza
934,Arielle McCreery,37,amccreerypx@last.fm,Egypt,,1,5821.77,10/9/2020,6,pasta
935,Lynne Crockatt,72,lcrockattpy@wired.com,Jamaica,,4,2959.67,5/6/2020,17,pizza
936,Atlanta Lyes,39,alyespz@bing.com,Japan,969-3288,1,1018.68,4/11/2020,16,pizza
937,Helenelizabeth Doucette,33,hdoucetteq0@hhs.gov,Canada,P3L,2,532.32,2/15/2020,12,pasta
938,Steffie Loosemore,33,sloosemoreq1@senate.gov,Indonesia,,1,1980.18,9/3/2021,19,pizza
939,Candis Reichhardt,44,creichhardtq2@cdc.gov,Pakistan,43260,2,8574.63,8/8/2021,10,pasta
940,Leeanne Lighten,57,llightenq3@twitter.com,France,45957 CEDEX 9,3,4136.67,7/21/2020,8,burger
941,Zackariah Roscamps,45,zroscampsq4@sciencedaily.com,Peru,,1,9190.37,3/23/2021,5,burger
942,Dicky Sextone,62,dsextoneq5@list-manage.com,Philippines,8505,5,8601.18,3/1/2020,15,pizza
943,Brnaba Orrill,61,borrillq6@baidu.com,Mexico,40030,3,7133.29,11/26/2021,14,pizza
944,Launce MacFadzan,68,lmacfadzanq7@cdbaby.com,Poland,47-180,5,5861.41,7/10/2021,4,pasta
945,Roderic Dominichelli,68,rdominichelliq8@hexun.com,Sweden,418 77,2,7040.03,9/12/2020,9,burger
946,Ginni Barette,37,gbaretteq9@google.ru,Indonesia,,5,7844.69,4/29/2020,22,pasta
947,Norby Howieson,24,nhowiesonqa@newsvine.com,China,,5,6572.63,1/6/2020,22,pizza
948,Sander Carff,64,scarffqb@illinois.edu,United States,23663,3,7916.66,7/2/2021,16,pasta
949,Florella Gillitt,44,fgillittqc@pbs.org,China,,4,7376.3,6/8/2020,9,burger
950,Tani Betser,75,tbetserqd@photobucket.com,United States,20436,2,5805.45,3/31/2020,16,burger
951,Micky Gedney,77,mgedneyqe@google.it,Luxembourg,L-8191,3,1453.92,1/27/2020,15,burger
952,Nertie Bashford,34,nbashfordqf@reuters.com,China,,4,359.0,2/28/2021,8,pasta
953,Lonna Jordison,84,ljordisonqg@usgs.gov,China,,5,4325.69,9/13/2021,0,burger
954,Richardo Duer,41,rduerqh@msn.com,Afghanistan,,5,1277.31,8/4/2020,18,pasta
955,Arabella Dodswell,50,adodswellqi@discovery.com,Poland,95-010,3,4142.52,12/29/2020,24,pasta
956,Lodovico Alenichicov,83,lalenichicovqj@jugem.jp,Macedonia,1408,5,8896.88,3/9/2021,5,pizza
957,Keely Pristnor,77,kpristnorqk@tinypic.com,Japan,816-0097,1,2976.16,1/15/2020,21,pizza
958,Amanda Pirson,46,apirsonql@gnu.org,Russia,361203,2,9254.58,8/26/2021,1,pasta
959,Denys Turley,26,dturleyqm@sbwire.com,Norway,0309,5,9794.32,2/25/2020,11,pasta
960,Bil Riolfi,35,briolfiqn@google.com.br,Ukraine,,1,837.11,10/19/2020,7,pizza
961,Timothee Wheble,82,twhebleqo@nps.gov,Colombia,152429,4,2053.2,6/7/2020,13,burger
962,Rhys Acres,37,racresqp@tamu.edu,China,,5,8672.48,11/18/2021,11,pizza
963,Kaleena Godspede,62,kgodspedeqq@google.com.au,Peru,,5,3848.92,8/22/2021,21,burger
964,Binni Shea,26,bsheaqr@ezinearticles.com,Indonesia,,4,2383.27,5/1/2020,5,burger
965,Kassie Edgar,28,kedgarqs@pinterest.com,Croatia,31500,5,1714.41,10/20/2021,2,pizza
966,Ravid Haney,32,rhaneyqt@jalbum.net,China,,4,3971.02,7/18/2020,15,burger
967,Yul Hercules,60,yherculesqu@usa.gov,Mexico,72595,5,7372.61,12/23/2020,22,pasta
968,Parnell Spellard,38,pspellardqv@phpbb.com,Serbia,,4,2328.54,12/15/2021,14,pizza
969,Derek Stocken,22,dstockenqw@weather.com,Ethiopia,,5,5721.27,4/29/2021,17,pizza
970,Kakalina Royle,27,kroyleqx@state.gov,Tajikistan,,1,3218.73,1/26/2020,14,pasta
971,Maible Gulley,60,mgulleyqy@uiuc.edu,Indonesia,,2,4994.15,8/23/2021,5,pizza
972,Anastasia Kolakowski,59,akolakowskiqz@microsoft.com,Armenia,,2,6507.9,1/12/2021,1,burger
973,Felicle Tomei,76,ftomeir0@hud.gov,Russia,346940,1,7388.17,3/3/2020,6,burger
974,Willow Mickelwright,60,wmickelwrightr1@zdnet.com,Mexico,88930,5,6548.4,11/18/2021,8,pasta
975,Thorsten Denham,21,tdenhamr2@shinystat.com,Malaysia,50802,5,4509.81,2/3/2021,8,pizza
976,Dannie Dower,71,ddowerr3@networkadvertising.org,Mexico,29755,4,916.1,3/14/2020,23,burger
977,Cris Fettiplace,57,cfettiplacer4@ameblo.jp,China,,1,728.96,1/4/2020,18,pizza
978,Pat Brissard,82,pbrissardr5@biblegateway.com,Kenya,,1,7945.47,11/14/2020,24,burger
979,Gayle Ayers,53,gayersr6@harvard.edu,Russia,140235,1,1878.44,5/26/2021,14,burger
980,Sydney Sellor,67,ssellorr7@usa.gov,Peru,,3,6348.69,2/18/2020,16,pizza
981,Jay Roughey,68,jrougheyr8@mail.ru,Indonesia,,1,8161.28,1/25/2020,7,pizza
982,Venita De Witt,84,vder9@joomla.org,Poland,11-420,5,5355.3,4/1/2020,12,pizza
983,Linn Aldie,34,laldiera@irs.gov,Peru,,4,9957.04,4/23/2020,16,pizza
984,Norene Wildgoose,21,nwildgooserb@4shared.com,China,,5,4499.03,7/19/2021,22,pizza
985,Bernelle Wyman,20,bwymanrc@goo.ne.jp,Indonesia,,1,4219.67,5/9/2021,9,pizza
986,Stesha Aird,39,sairdrd@yolasite.com,Cameroon,,5,4927.6,8/27/2021,17,burger
987,Pauletta Sondland,49,psondlandre@newsvine.com,Portugal,2350-259,1,2172.42,10/6/2020,1,burger
988,Sibyl Liverock,85,sliverockrf@taobao.com,Indonesia,,5,8824.65,12/25/2021,9,pizza
989,Coralyn Nowick,71,cnowickrg@adobe.com,Philippines,6014,3,6966.45,4/27/2020,6,pizza
990,Frants Cheel,64,fcheelrh@state.gov,Chad,,2,1995.37,4/16/2020,23,burger
991,Shani Penton,26,spentonri@moonfruit.com,China,,3,5651.06,3/14/2020,17,pasta
992,Beau Beausang,50,bbeausangrj@mac.com,Portugal,4750-488,3,1709.91,7/25/2021,18,burger
993,Cliff Ruffle,27,crufflerk@squidoo.com,Philippines,6342,2,9383.77,9/13/2021,9,burger
994,Arlee Bethell,84,abethellrl@samsung.com,China,,3,3863.82,3/2/2021,18,pasta
995,Freddie Garretson,77,fgarretsonrm@printfriendly.com,Russia,601800,4,7177.37,5/12/2020,2,burger
996,Lethia Rowbotham,73,lrowbothamrn@blogger.com,Netherlands,3530,5,4301.69,1/26/2020,22,pasta
997,Dino Salleir,20,dsalleirro@gov.uk,Costa Rica,40602,2,714.54,8/11/2021,23,burger
998,Lanie Bowie,71,lbowierp@hugedomains.com,Indonesia,,3,6370.08,6/22/2020,22,pasta
999,Robenia Cluet,30,rcluetrq@vimeo.com,China,,1,570.63,12/17/2020,11,pasta
1000,Nolie Whittleton,18,nwhittletonrr@twitpic.com,Indonesia,,1,2033.0,9/22/2021,13,pizza
